a		art.一(个)；每一(个)	3			
abandon	əˈbændən	vt.丢弃；放弃，抛弃	1			
ability	əˈbiliti	n.能力；能耐，本领	2	hab		
able	ˈeibl	a.有能力的；出色的	3	hab		
abnormal	æbˈnɔːməl	a.不正常的；变态的	1			
aboard	əˈbɔːd	ad.在船(车)上；上船	2			
about	ˈəbaut	prep.关于；在…周围	3			
above	əˈbʌv	prep.在…上面；高于	3			
abroad	əˈbrɔːd	ad.(在)国外；到处	2			
absence	ˈæbsəns	n.缺席，不在场；缺乏	1			
absent	ˈæbsənt	a.不在场的；缺乏的	2			
absolute	ˈæbsəluːt	a.绝对的；纯粹的	2	solv		
absolutely	ˈæbsəluːtli	ad.完全地；绝对地	2	solv		
absorb	əbˈsɔːb	vt.吸收；使专心	2			
abstract	ˈæbstrækt	a.抽象的 n.摘要	1	tract		
abundant	əˈbʌndənt	a.丰富的；大量的	1			
abuse	əˈbjuːz	vt.滥用；虐待 n.滥用	1			
academic	ˌækəˈdemik	a.学院的；学术的	1			
academy	əˈkædəmi	n.私立中学；专科院校	1			
accelerate	ækˈseləreit	vt.(使)加快；促进	1	celer		
acceleration	ækˌseləˈrei∫ən	n.加速(度)	1	celer		
accent	ˈæksənt	n.口音，腔调；重音	2			
accept	əkˈsept	vt.vi.接受；同意	2	cap		
acceptable	əkˈseptəbl	a.可接受/合意的	1	cap		
acceptance	əkˈseptəns	n.接受，验收；承认	1	cap		
access	ˈækses	n.接近；通道，入口	1	ced		
accessory	ækˈsesəri	n.同谋，从犯；附件	1	ced		
accident	ˈæksidənt	n.意外的；事故	2	cad		
accidental	ˌæksiˈdentl	a.偶然的；非本质的	1	cad		
accommodate	əˈkɔmədeit	vt.容纳;供应,供给	1			
accommodation	əˌkɔməˈdei∫ən	n.招待设备；预定铺位	1			
accompany	əˈkʌmpəni	vt.陪伴，陪同；伴随	1			
accomplish	əˈkɔmpli∫	vt.达到(目的)；完成	1	ple		
accord	əˈkɔːd	vt.使一致；给予	1			
accordance	əˈkɔːdəns	n.一致；和谐；授予	1			
accordingly	əˈkɔːdiŋli	ad.因此，所以；照着	1			
account	əˈkaunt	n.记述；解释；帐目	2			
accumulate	əˈkjuːmjuleit	vt.积累 vi.堆积	1			
accuracy	ˈækjurəsi	n.准确(性)；准确度	1	cur		
accurate	ˈækjurit	a.准确的，正确无误的	1	cur		
accuse	əˈkjuːz	vt.指责；归咎于	1			
accustom	əˈkʌstəm	vt.使习惯	1			
accustomed	əˈkʌstəmd	a.惯常的；习惯的	1			
ache	eik	vi.痛；想念 n.疼痛	2			
achieve	əˈt∫iːv	vt.完成，实现；达到	2			
achievement	əˈt∫iːvmənt	n.完成；成就/绩	1			
acid	ˈæsid	n.酸；酸的，酸性的	1			
acquaintance	əˈkweintəns	n.认识;了解;熟人	1	cogn		
acquire	əˈkwaiə	vt.取得；获得；学到	1	quir		
acre	ˈeikə	n.英亩(=6.07 亩)	1			
across	əˈkrɔs	prep.横过；在…对面	3			
act	ækt	vi.行动；见效 n.行为	2	act		
action	ˈæk∫ən	n.行动；作用；功能	2	act		
active	ˈæktiv	a.活跃的；积极的	2	act		
activity	ækˈtiviti	n.活动；活力；行动	2	act		
actor	ˈæktə	n.男演员；演剧的人	2	act		
actress	ˈæktris	n.女演员	2	act		
actual	ˈæktjuəl	a.实际的；现行的	1	act		
actually	ˈækt∫uəli	ad.实际上；竟然	2	act		
acute	əˈkjuːt	a.尖的，锐的；敏锐的	1			
ad	æd	n.广告	2			
adapt	əˈdæpt	vt.使适应；改编	1			
add	æd	vt.添加，附加，掺加	3			
addition	əˈdi∫ən	n.加，加法；附加物	2			
additional	əˈdi∫ənl	a.附加的，追加的	1			
address	əˈdres	n.地址；演说；谈吐	2			
adequate	ˈædikwit	a.足够的；可以胜任的	1	equ		
adjective	ˈædʒiktiv	n.形容词 a.形容词的	1	ject		
adjust	əˈdʒʌst	vt.调整，调节；校正	1	jud		
administration	ədminisˈtrei∫ən	n.管理；管理部门	1			
admire	ədˈmaiə	vt.钦佩，羡慕，赞赏	1			
admission	ədˈmi∫ən	n.允许进入；承认	1	mit		
admit	ədˈmit	vt.承认；准许…进入	1	mit		
adopt	əˈdɔpt	vt.收养；采用；采取	1	opt		
adult	ˈædʌlt	n.成年人 a.成年的	2			
advance	ədˈvɑːns	vi.前进；提高 n.进展	1			
advanced	ədˈvɑːnst	a.先进的；高级的	1			
advantage	ədˈvɑːntidʒ	n.优点，优势；好处	1			
adventure	ədˈvent∫ə	n.冒险；惊险活动	1	ven		
adverb	ˈædvəːb	n.副词	1	verb		
advertisement	ədˈvəːtismənt	n.广告；公告；登广告	1	vert		
advice	ədˈvais	n.劝告；忠告；意见	2	vid		
advisable	ədˈvaizəbl	n.明智的；可取的	1	vid		
advise	ədˈvaiz	vt.劝告；建议；通知	1	vid		
aeroplane	ˈeərəplein	n.飞机	1	aer		
affair	əˈfeə	n.事情，事件；事务	1			
affect	əˈfekt	vt.影响；感动	1	fac		
affection	əˈfek∫ən	n.慈爱，爱；爱慕	1	fac		
afford	əˈfɔːd	vt.担负得起…；提供	1			
afraid	əˈfreid	a.害怕的；担心的	3			
africa	ˈæfrikə	n.非洲	3			
african	ˈæfrikən	a.非洲的 n.非洲人	3			
after	ˈɑːftə	prep.在…以后；次于	3			
afternoon	ˈɑːftəˈnuːn	n.下午，午后	3			
afterward	ˈɑːftəwəd	ad.后来，以后	2			
again	əˈgein	ad.又一次；而且	3			
against	əˈgeinst	prep.倚在；逆，对着	3			
age	eidʒ	n.年龄；时代 vt.变老	3			
agency	ˈeidʒənsi	n.经办；代理；代理处	1	act		
agent	ˈeidʒənt	n.代理人，代理商	1	act		
aggressive	əˈgresiv	a.侵略的；好斗的	1	grad		
ago	əˈgəu	ad.以前	3			
agony	ˈægəni	n.极度痛苦	1			
agree	əˈgriː	vi.同意；持相同意见	2	grat		
agreement	əˈgriːmənt	n.协定，协议；同意	2	grat		
agriculture	ˈægrikʌlt∫ə	n.农业，农艺；农学	1			
ahead	əˈhed	ad.在前；向前；提前	2			
aid	eid	n.帮助，救护；助手	1			
aim	eim	vi.瞄准，针对；致力	2			
air	eə	n.空气；空中；外观	3	aer		
aircraft	ˈeəkrɑːft	n.飞机，飞行器	1	aer		
airline	ˈeəlain	n.航空公司；航线	1	aer		
airplane	ˈeəˌplein	n.飞机	2	aer		
airport	ˈeəpɔːt	n.机场，航空站	2	aer		
alarm	əˈlɑːm	n.惊恐，忧虑；警报	1			
alcohol	ˈælkəhɔl	n.酒精，乙醇	1			
alike	əˈlaik	a.同样的，相同的	3			
alive	əˈlaiv	a.活着的；活跃的	3			
all	ɔːl	a.全部的 prep.全部	3			
allow	əˈlau	vt.允许，准许；任	2			
alloy	ˈælɔi	n.合金；(金属的)成色	1			
almost	ˈɔːlməust	ad.几乎，差不多	3			
alone	əˈləun	a.单独的 ad.单独地	3			
along	əˈlɔŋ	prep.沿着 ad.向前	3			
aloud	əˈlaud	ad.出声地，大声地	2			
alphabet	ˈælfəbit	n.字母表，字母系统	1			
already	ɔːlˈredi	ad.早已，已经	3			
also	ˈɔːlsəu	ad.亦，也；而且，还	3			
alter	ˈɔːltə	vt.改变，变更；改做	1	alter		
alternative	ɔːlˈtəːnətiv	n.替换物；取舍，抉择	1	alter		
although	ɔːlˈðəu	conj.尽管，虽然	2			
altitude	ˈæltitjuːd	n.高，高度；高处	1			
altogether	ˌɔːltəˈgeðə	ad.完全；总而言之	1			
aluminium	ˌæljuːˈminjəm	n.铝	1			
always	ˈɔːlweiz	ad.总是，一直；永远	3			
a.m		(缩)上午，午前	2			
amaze	əˈmeiz	vt.使惊奇，使惊愕	1			
ambition	æmˈbi∫ən	n.雄心，抱负，野心	1			
ambulance	ˈæmbjuləns	n.救护车；野战医院	1			
america	əˈmerikə	n.美洲；美国	3			
american	əˈmerikən	a.美洲的 n.美国人	3			
among	əˈmʌŋ	prep.在…之中	3			
amongst	əˈmʌŋst	prep 在…之中(=among)	2			
amount	əˈmaunt	n.总数；数量；和	2			
ampere	ˈæmpiər	n.安培	1			
amplify	ˈæmplifai	vt.放大，增强；扩大	1			
amuse	əˈmjuːz	vt.逗…乐；给…娱乐	1			
analyse	ˈænəlaiz	vt.分析，分解，解析	1			
analysis	əˈnælisis	n.分析，分解，解析	1			
ancestor	ˈænsistə	n.祖宗，祖先	1	ced		
anchor	ˈæŋkə	n.锚 vi.抛锚，停泊	1			
ancient	ˈein∫ənt	a.古代的，古老的	1			
and	ænd	conj.和，又，并，则	3			
angel	ˈeindʒəl	n.天使，神差，安琪儿	1			
anger	ˈæŋgə	n.怒，愤怒 vt.使发怒	2			
angle	ˈæŋgl	n.角，角度	1			
angry	ˈæŋgri	a.愤怒的，生气的	3			
animal	ˈæniməl	n.动物，兽 a.动物的	3	anim		
ankle	ˈæŋkl	n.踝，踝节部	1			
announce	əˈnauns	vt.宣布，宣告，发表	1	nounc		
announcer	əˈnaunsə	n.宣告者；播音员	1	nounc		
annoy	əˈnɔi	vt.使恼怒；打搅	1			
annual	ˈænjuəl	a.每年的 n.年报	1	ann		
another	əˈnʌðə	a.再一个的；别的	3			
answer	ˈɑːnsə	vt.回答；响应；适应	3			
ant	ænt	n.蚂蚁	3			
anticipate	ænˈtisipeit	vt.预料，预期，期望	1	cap		
anxiety	æŋˈzaiəti	n.焦虑，忧虑；渴望	1			
anxious	ˈæŋk∫əs	a.忧虑的；渴望的	1			
any	ˈeni	a.什么，一些；任何的	3			
anybody	ˈeniˌbɔdi	prep.任何人	3			
anyhow	ˈenihau	ad.无论如何	2			
anyone	ˈeniwʌn	pron.任何人	3			
anything	ˈeniθiŋ	pron.任何事物；一切	3			
anyway	ˈeniwei	ad.无论如何	2			
anywhere	ˈeniweə	ad.在什么地方	3			
apart	əˈpɑːt	ad.相隔；分开；除去	3	part		
apartment	əˈpɑːtmənt	n.一套公寓房间	3	part		
apologize	əˈpɔlədʒaiz	vi.道歉，谢罪，认错	3	log		
apology	əˈpɔlədʒi	n.道歉，认错，谢罪	3	log		
apparatus	ˌæpəˈreitəs	n.器械，仪器；器官	1	par		
apparent	əˈpærənt	a.表面上的；明显的	2	par		
appeal	əˈpiːl	vi.&n.呼吁；申述	2			
appear	əˈpiə	vi.出现；来到；似乎	3	par		
appearance	əˈpiərəns	n.出现，来到；外观	2	par		
appetite	ˈæpitait	n.食欲，胃口；欲望	2	pet		
apple	ˈæpl	n.苹果，苹果树	3			
appliance	əˈplaiəns	n.用具，器具，器械	1	plic		
applicable	ˈæplikəbl	a.能应用的；适当的	1	plic		
application	ˌæpliˈkei∫ən	n.请求，申请；施用	2	plic		
apply	əˈplai	vt.应用，实施，使用	2	plic		
appoint	əˈpɔint	vt.任命，委任；约定	2			
appointment	əˈpɔintmənt	n.任命;约定,约会	2			
appreciate	əˈpriː∫ieit	vt.欣赏；领会；感谢	2	grat		
approach	əˈprəut∫	vt.向…靠近 n.靠近	2			
appropriate	əˈprəupriit	a.适当的，恰当的	2	propri		
approval	əˈpruːvəl	n.赞成，同意；批准	2	prob		
approve	əˈpruːv	vt.赞成，称许；批准	2	prob		
approximate	əˈprɔksimeit	a.近似的 vt.近似	1			
approximately	əprɔksiˈmətli	ad.近似地，大约	1			
april	ˈeiprəl	n.四月	3			
arabian	əˈreibjən	a.阿拉伯的	3			
arbitrary	ˈɑːbitrəri	a.随心所欲的；专断的	1			
architecture	ˈɑːkitekt∫ə	n.建筑学；建筑式样	1	arch	arch,tect	arch(首领)+tect(覆盖)，建筑师即首领之匠
area	ˈeəriə	n.面积；地区；领域	3			
argue	ˈɑːgjuː	vi.争论，争辩，辩论	2			
argument	ˈɑːgjumənt	n.争论，辩论；理由	2			
arise	əˈraiz	vi.出现；由…引起	2			
arithmetic	əˈriθmətik	n.算术，四则运算	1			
arm	ɑːm	n.臂；臂状物；武器	3			
army	ˈɑːmi	n.军队；陆军	3			
around	əˈraund	prep.在…周围	3			
arouse	əˈrauz	vt.引起，唤起；唤醒	2			
arrange	əˈreindʒ	vt.筹备；整理；调解	2			
arrangement	əˈreindʒmənt	n.整理,排列;安排	2			
arrest	əˈrest	vt.逮捕，拘留；阻止	2			
arrival	əˈraivəl	n.到达；到来；到达者	2			
arrive	əˈraiv	vi.到达；来临；达到	2			
arrow	ˈærəu	n.箭；箭状物	3			
art	ɑːt	n.艺术，美术；技术	3			
article	ˈɑːtikl	n.文章；条款；物品	3			
artificial	ˌɑːtiˈfi∫əl	a.人工的；娇揉造作的	1	fac		
artist	ˈɑːtist	n.艺术家，美术家	3			
artistic	ɑːˈtistik	a.艺术的；艺术家的	3			
as	æz	conj.当…的时候	3			
ash	æ∫	n.灰，灰末；骨灰	3			
ashamed	əˈ∫eimd	a.惭愧(的)；羞耻(的)	3			
asia	ˈei∫ə	n.亚洲	3			
asian	ˈei∫ən	a.亚洲的 n.亚洲人	3			
aside	əˈsaid	ad.在旁边，到旁边	3			
ask	ɑːsk	vt.问；要求；邀请	3			
asleep	əˈsliːp	a.睡着的，睡熟的	3			
aspect	ˈæspekt	n.方面；样子，外表	1	spec		
assemble	əˈsembl	vt.集合，召集；装配	1	sembl		
assembly	əˈsembli	n.集合；集会；装配	1	sembl		
assess	əˈses	vt.对(财产等)估价	1	sed		
assign	əˈsain	vt.指派；分配；指定	2	sign		
assignment	əˈsainmənt	n.任务，指定的作业	2	sign		
assist	əˈsist	vt.援助，帮助；搀扶	2	sist		
assistant	əˈsistənt	n.助手，助理；助教	2	sist		
associate	əˈsəu∫ieit	vi.交往 n.伙伴，同事	2	soci		
association	əˌsəusiˈei∫ən	n.协会,团体；联合	2	soci		
assume	əˈsjuːm	vt.假定；承担；呈现	2	sum		
assure	əˈ∫uə	vt.使确信；向…保证	1			
astonish	əsˈtɔni∫	vt.使惊讶，使吃惊	1			
astronaut	ˈæstrənɔːt	n.宇宙航行员，宇航员	1	astro	astro,nav	astro(星)+nav(船)，驾船航星的人
at	æt	prep.在…里；在…时	3			
athlete	ˈæθliːt	n.运动员；田径运动员	1			
atlantic	ətˈlæntik	a.大西洋的 n.大西洋	2			
atmosphere	ˈætməsfiə	n.大气；空气；气氛	2			
atmospheric	ˌætməsˈferik	a.大气的;大气层的	2			
atom	ˈætəm	n.原子；微粒；微量	2			
atomic	əˈtɔmik	a.原子的；原子能的	2			
attach	əˈtæt∫	vt.缚，系，贴；附加	2			
attack	əˈtæk	vt.&vi.&n.攻击，进攻	2			
attain	əˈtein	vt.达到，获得，完成	2	tain		
attempt	əˈtempt	vt.尝试，试图 n.企图	2			
attend	əˈtend	vt.出席；照顾，护理	2	tend		
attention	əˈten∫ən	n.注意，留心；注意力	2	tend		
attentive	əˈtentiv	a.注意的；有礼貌的	2	tend		
attitude	ˈætitjuːd	n.态度，看法；姿势	2			
attract	əˈtrækt	vt.吸引；引起，诱惑	2	tract		
attraction	əˈtræk∫ən	n.吸引；吸引力；引力	2	tract		
attractive	əˈtræktiv	a.有吸引力的	2	tract		
attribute	əˈtribju(ː)t	vt.把…归因于 n.属性	2	trib		
audience	ˈɔːdjəns	n.听众，观众，读者	2			
august	ˈɔːgəst	n.八月	3			
aunt	ɑːnt	n.伯母，婶母，姑母	3			
aural	ˈɔːrəl	a.耳的，听觉的	1			
australia	ɔsˈtreiljə	n.澳大利亚	3			
australian	ɔsˈtreiliən	a.澳大利亚的	3			
author	ˈɔːθə	n.作者，作家	2			
authority	ɔːˈθɔriti	n.当局，官方；权力	2			
auto	ˈɔːtəu	n.(口语)汽车	1	auto		
automatic	ˌɔːtəˈmætik	a.自动的；机械的	1	auto		
automation	ɔːtəˈmei∫ən	n.自动，自动化	1	auto		
automobile	ˌɔːtəˈməubil	n.汽车，机动车	1	auto	auto,mob	auto(自己)+mob(移动)，自己会动的车
autumn	ˈɔːtəm	n.秋，秋季	3			
auxiliary	ɔːgˈziljəri	a.辅助的；附属的	1			
available	əˈveiləbl	a.可利用的；通用的	2	val		
avenue	ˈævinjuː	n.林荫道，道路；大街	2	ven		
average	ˈævəridʒ	n.平均数 a.平均的	2			
aviation	ˌeiviˈei∫ən	n.航空，航空学	1			
avoid	əˈvɔid	vt.避免，躲开；撤消	2			
await	əˈweit	vt.等候，期待	2			
awake	əˈweik	a.醒着的 vt.唤醒	3			
award	əˈwɔːd	n.奖，奖品；判定	2			
aware	əˈweə	a.知道的，意识到的	3			
away	əˈwei	ad.离开，远离；…去	3			
awful	ˈɔːful	a.令人不愉快的	3			
awfully	ˈɔːfuli	ad.令人畏惧的；很	3			
awkward	ˈɔːkwəd	a.笨拙的；尴尬的	1			
ax	æks	n.斧子	3			
axis	ˈæksis	n.轴，轴线；中心线	1			
baby	ˈbeibi	n.婴儿；孩子气的人	3			
back	bæk	ad.在后；回原处；回	3			
background	ˈbækgraund	n.背景，后景，经历	3			
backward	ˈbækwəd	a.向后的；倒的 ad.倒	3			
bacteria	bækˈtiəriə	n.细菌	1			
bad	bæd	a.坏的，恶的；严重的	3			
badly	ˈbædli	ad.坏，差；严重地	3			
badminton	ˈbædmintən	n.羽毛球	2			
bag	bæg	n.袋，包，钱包，背包	3			
baggage	ˈbægidʒ	n.行李	2			
bake	beik	vt.烤，烘，焙；烧硬	3			
balance	ˈbæləns	vt.使平衡；称 n.天平	2			
ball	bɔːl	n.球，球状物；舞会	3			
balloon	bəˈluːn	n.气球，玩具气球	2			
banana	bəˈnɑːnə	n.香蕉；芭蕉属植物	3			
band	bænd	n.乐队；带；波段	3			
bang	bæŋ	n.巨响，枪声；猛击	3			
bank	bæŋk	n.银行；库；岩，堤	3			
banner	ˈbænə	n.旗，旗帜，横幅	2			
bar	bɑː(r)	n.酒吧间；条，杆；栅	3			
barber	ˈbɑːbə	n.理发师	2			
bare	beə	a.赤裸的；仅仅的	2			
bargain	ˈbɑːgin	n.交易 vi.议价；成交	2			
bark	bɑːk	n.吠叫声 vi.吠，叫	3			
barn	bɑːn	n.谷仓；牲口棚	1			
barrel	ˈbærəl	n.桶；圆筒；枪管	2			
barrier	ˈbæriə	n.栅栏，屏障；障碍	2			
base	beis	n.基础，底层；基地	2			
basic	ˈbeisik	a.基本的，基础的	2			
basically	ˈbeisikəli	ad.基本上	2			
basin	ˈbeisn	n.盆，洗脸盆；盆地	3			
basis	ˈbeisis	n.基础，根据	2			
basket	bɑːskit	n.篮，篓，筐	3			
basketball	ˈbɑːskitbɔːl	n.篮球；篮球运动	3			
bat	bæt	n.球拍；短棍；蝙蝠	3			
bath	bɑːθ	n.浴，洗澡；浴缸	3			
bathe	beið	vt.给…洗澡；弄湿	3			
bathroom	ˈbɑːθruːm	n.浴室；盥洗室	3			
battery	ˈbætəri	n.电池；一套，一组	2			
battle	ˈbætl	n.战役；斗争 vi.作战	3			
bay	bei	n.湾；山脉中的凹处	2			
B.C		. (缩)公元前	3			
be	biː	aux.v.&vi.是，在，做	3			
beach	biːt∫	n.海滩，湖滩，河滩	3			
beam	biːm	n.梁；横梁；束，柱	2			
bean	biːn	n.豆，蚕豆	3			
bear	beə	n.熊；粗鲁的人	3			
beard	biəd	n.胡须，络腮胡子	2			
beast	biːst	n.兽，野兽；牲畜	2			
beat	biːt	vt.&vi.打，敲；打败	3			
beautiful	ˈbjuːtəful	a.美的，美丽的	3			
beauty	ˈbjuːti	n.美，美丽；美人	2			
because	biˈkɔz	conj.由于，因为	3			
become	biˈkʌm	vi.变成；成为，变得	3			
bed	bed	n.床，床位；圃；河床	3			
bee	biː	n.蜂，密蜂；忙碌的人	3			
beef	biːf	n.牛肉；菜牛	3			
beer	biə	n.啤酒	3			
before	biˈfɔː	prep.在…以前；向…	3			
beg	beg	vt.&vi.乞求；请求	2			
beggar	ˈbegə	n.乞丐，穷人	2			
begin	biˈgin	vi.开始 vt.开始	3			
beginner	biˈginə	n.初学者，生手	3			
beginning	biˈginiŋ	n.开始，开端；起源	3			
behalf	biˈhɑːf	n.利益，维护，支持	1			
behave	biˈheiv	vi.表现，举止；运转	2			
behavior	biˈheivjə	n.行为，举止，态度	2			
behind	biˈhaind	prep.在…后面	3			
being	ˈbiːiŋ	n.存在；生物；生命	2			
belief	biˈliːf	n.信任，相信；信念	2			
believe	biˈliːv	vt.相信；认为	3			
bell	bel	n.钟，铃，门铃；钟声	3			
belong	biˈlɔŋ	vi.属于，附属	3			
beloved	biˈlʌvid	a.为…的爱的 n.爱人	1			
below	biˈləu	prep.在…下面(以下)	3			
belt	belt	n.带，腰带；皮带；区	3			
bench	bent∫	n.长凳，条凳；工作台	3			
bend	bend	vt.使弯曲 vi.弯曲	2			
beneath	biˈniːθ	prep.在…下方	2			
beneficial	beniˈfi∫əl	a.有利的，有益的	1	fac		
benefit	ˈbenifit	n.利益；恩惠；津贴	2	fac		
berry	ˈberi	n.浆果(如草莓等)	2			
beside	biˈsaid	prep.在…旁边	3			
besides	biˈsaidz	ad.而且 prep.除…之外	3			
best	best	a.最好的；最大的	3			
bet	bet	vt.&vi.&n.打赌	2			
betray	biˈtrei	vt.背叛；辜负；泄漏	1			
better	ˈbetə	a.较好的 ad.更好地	3			
between	biˈtwiːn	prep.在…中间	3			
beyond	biˈjɔnd	prep.在…的那边	3			
Bible	ˈbaibl	n.基督教《圣经》	2	bibli		
bicycle	ˈbaisikl	n.自行车，脚踏车	3	circ		
big	big	a.大的，巨大的	3			
bike	baik	n.自行车 vi.骑自行车	3			
bill	bil	n.账单；招贴；票据	2			
billion	ˈbiljən	num.万亿(英)	3			
bind	baind	vt.捆绑；包扎；装钉	2			
biology	baiˈɔlədʒi	n.生物学；生态学	2	bio	bio,log	bio(生命)+log(学科)，研究生命的学科
bird	bəːd	n.鸟，禽	3			
birth	bəːθ	n.分娩，出生；出身	3			
birthday	ˈbəːθdei	n.生日，诞生的日期	3			
biscuit	ˈbiskit	n.(英)饼干；(美)软饼	2			
bit	bit	n.一点，一些，小片	3			
bite	bait	vt.咬，叮，螫；剌穿	3			
bitter	ˈbitə	a.痛苦的；严寒的	2			
bitterly	ˈbitəli	ad.苦苦地；悲痛地	2			
black	blæk	a.黑色的；黑暗的	3			
blackboard	ˈblækbɔːd	n.黑板	3			
blade	bleid	n.刀刃，刀片；叶片	2			
blame	bleim	vt.责备，把…归咎于	2			
blank	blæŋk	a.空白的 n.空白	2			
blanket	ˈblæŋkit	n.毛毯，毯子，羊毛毯	2			
blast	blɑːst	n.爆炸，冲击波 vt.炸	1			
blaze	bleiz	n.火；闪光 vi.燃烧	1			
bleed	bliːd	vi.出血，流血；泌脂	2			
blend	blend	vt.&vi.&n.混和	2			
bless	bles	vt.为…祝福	2			
blind	blaind	a.瞎的；盲目的	3			
block	blɔk	n.街区 vt.堵塞，拦阻	3			
blood	blʌd	n.血，血液；血统	3			
bloom	bluːm	n.花；开花，开花期	2			
blossom	ˈblɔsəm	n.花，开花 vi.开花	2			
blow	bləu	vi.吹，吹动；吹响	3			
blue	bluː	a.蓝色的 n.蓝色	3			
board	bɔːd	n.板 vt.上(船、车等)	3			
boast	bəust	vi.自夸 vt.吹嘘	1			
boat	bəut	n.小船，艇；渔船	3			
body	ˈbɔdi	n.身体；主体；尸体	3			
boil	bɔil	vi.沸腾；汽化 vt.煮沸	3			
bold	bəuld	a.大胆的；冒失的	2			
bolt	bəult	n.螺栓；插销 vt.闩门	1			
bomb	bɔm	n.炸弹 vt.轰炸	2			
bond	bɔnd	n.联结，联系；公债	2			
bone	bəun	n.骨，骨骼	3			
book	buk	n.书，书籍 vt.预定	3			
boot	buːt	n.靴子，长统靴	3			
booth	buːθ	n.货摊；公用电话亭	1			
border	ˈbɔːdə	n.边，边缘；边界	2			
bore	bɔː	vt.使厌烦；钻，挖	1			
born	bɔːn	a.天生的；出生的	3			
borrow	ˈbɔrəu	vt.借，借用，借人	3			
bosom	ˈbuzəm	n.胸，胸部；内心	1			
boss	bɔs	n.老板，上司 vt.指挥	3			
both	bəuθ	pron.两者(都)	3			
bother	ˈbɔðə	vt.烦扰，迷惑 n.麻烦	2			
bottle	ˈbɔtl	n.瓶，酒瓶；一瓶	3			
bottom	ˈbɔtəm	n.底，底部，根基	3			
bough	bau	n.树枝	1			
bounce	bauns	vi.反跳，弹起；跳起	1			
bound	baund	a.一定的；有义务的	2			
boundary	ˈbaundəri	n.分界线，办界	2			
bow	bau	n.弓；蝴蝶结；鞠躬	2			
bowl	bəul	n.碗，钵；碗状物	3			
box	bɔks	n.箱，盒；包箱	3			
boy	bɔi	n.男孩，少年；家伙	3			
brain	brein	n.脑，脑髓；脑力	3			
brake	breik	n.闸，刹车 vi.制动	2			
branch	brɑːnt∫	n.树枝；分部；分科	3			
brand	brænd	n.商品；烙印 vt.铭刻	2			
brandy	ˈbrændi	n.白兰地酒	1			
brass	brɑːs	n.黄铜；黄铜器	1			
brave	breiv	a.勇敢的，华丽的	2			
bread	bred	n.面包；食物，粮食	3			
breadth	bredθ	n.宽度，幅度；幅面	1			
break	breik	vt.打破；损坏；破坏	3			
breakfast	ˈbrekfəst	n.早饭，早餐	3			
breast	brest	n.乳房；胸脯，胸膛	2			
breath	breθ	n.气息，呼吸；气味	3			
breathe	briːð	vi.呼吸 vt.呼吸	3			
breed	briːd	n.品种 vt.使繁殖	2			
breeze	briːz	n.微风，和风	1			
brick	brik	n.砖，砖块；砖状物	2			
bridge	bridʒ	n.桥，桥梁；桥牌	3			
brief	briːf	a.简短的；短暂的	2	brev		
bright	brait	a.明亮的；聪明的	3			
brighten	ˈbraitn	vt.使发光；使快活	2			
brilliant	ˈbriljənt	a.光辉的；卓越的	2			
brim	brim	n.边，边缘；帽沿	1			
bring	briŋ	vt.带来；引出；促使	3			
brisk	brisk	a.活泼的；清新的	1			
bristle	ˈbrisl	n.短而硬的毛；鬃毛	1			
Britain	ˈbritən	n.不列颠，英国	2			
British	ˈbriti∫	a.不列颠的，英联邦的	2			
brittle	ˈbritl	a.脆的；易损坏的	1			
broad	brɔːd	a.宽的，阔的；广泛的	3			
broadcast	ˈbrɔːdkɑːst	n.广播，播音	2			
broken	ˈbrəukən	a.被打碎的，骨折的	2			
bronze	brɔnz	n.青铜；青铜制品	1			
brood	bruːd	n.同窝幼鸟 vt.孵(蛋)	1			
brook	bruk	n.小河，溪流	1			
broom	bruːm	n.扫帚	2			
brother	ˈbrʌðə	n.兄弟；同事，同胞	3			
brow	brau	n.额；眉，眉毛	1			
brown	braun	n.褐色，棕色	3			
bruise	bruːz	n.青肿，伤痕；擦伤	1			
brush	brʌ∫	n.刷子，毛刷；画笔	3			
brute	bruːt	n.禽兽，畜生	1			
bubble	ˈbʌbl	n.泡 vi.冒泡，沸腾	2			
bucket	ˈbʌkit	n.水桶；吊桶；铲斗	3			
bud	bʌd	n.芽，萌芽；蓓蕾	1			
build	bild	vt.建筑；建立；创立	3			
building	ˈbildiŋ	n.建筑物，大楼；建筑	3			
bulb	bʌlb	n.电灯泡；球状物	1			
bulk	bʌlk	n.物体，容积，大批	1			
bull	bul	n.公牛；雄的象	2			
bullet	ˈbulit	n.枪弹，子弹，弹丸	2			
bunch	bʌnt∫	n.束，球，串；一群	2			
bundle	ˈbʌndl	n.捆，包，束；包袱	2			
burden	ˈbəːdn	n.担子，重担；装载量	2			
bureau	bjuəˈrəu	n.局，司，处；社，所	1			
burn	bəːn	vi.烧，燃烧 n.烧伤	3			
burst	bəːst	vt.使爆裂 vi.&n.爆炸	2			
bury	ˈberi	vt.埋葬，葬；埋藏	2			
bus	bʌs	n.公共汽车	3			
bush	bu∫	n.灌木，灌木丛，矮树	3			
business	ˈbiznis	n.商业，生意；事务	3			
busy	ˈbizi	a.忙的，繁忙的	3			
but	bʌt	conj.但是，可是	3			
butcher	ˈbut∫ə	n.屠夫；屠杀者	2			
butter	ˈbʌtə	n.黄油；奶油	3			
butterfly	ˈbʌtəflai	n.蝴蝶	3			
button	ˈbʌtn	n.扣子；按钮 vt.扣紧	3			
buy	bai	vt.买，购买 vi.买	3			
by	bai	prep.在…旁；被，由	3			
cabbage	ˈkæbidʒ	n.洋白菜，卷心菜	3			
cabin	ˈkæbin	n.小屋；船舱，机舱	1			
cabinet	ˈkæbinit	n.橱，柜；内阁	1			
cable	ˈkeibl	n.缆，索；电缆；电报	2			
cafe	ˈkæfei	n.咖啡馆；小餐厅	2			
cafeteria	ˈkæfiˈtiəriə	n.自助食堂	1			
cage	keidʒ	n.笼；鸟笼，囚笼	3			
cake	keik	n.饼，糕，蛋糕	3			
calculate	ˈkælkjuleit	vt.计算；估计；计划	2			
calculation	ˌkælkjuˈlei∫ən	n.计算，计算结果	2			
calculator	ˈkælkjuleitə	n.计算器，计算者	1			
calendar	ˈkælində	n.日历，历书；历法	2			
call	kɔːl	vt.把…叫做；叫，喊	3			
calm	kɑːm	a.静的，平静的	3			
camel	ˈkæməl	n.骆驼	3			
camera	ˈkæmərə	n.照相机，摄影机	3			
camp	kæmp	n.野营，营地，兵营	3			
campaign	kæmˈpein	n.战役；运动	2			
campus	ˈkæmpəs	n.校园，学校场地	2			
can	kæn	aux.v.能，会，可能	3			
Canada	ˈkænədə	n.加拿大	3			
Canadian	kəˈneidjən	a.加拿大的	3			
canal	kəˈnæl	n.运河；沟渠；管	2			
cancel	ˈkænsəl	vt.取消，撤消；删去	2			
cancer	ˈkænsə	n.癌，癌症，肿瘤	2			
candidate	ˈkændidit	n.候选人；投考者	1	cand		
candle	ˈkændl	n.蜡烛；烛形物；烛光	3	cand		
candy	ˈkændi	n.糖果；砂糖结晶	3			
cannon	ˈkænən	n.大炮，火炮；榴弹炮	2			
canoe	kəˈnuː	n.独木舟，皮艇，划子	2			
canteen	kænˈtiːn	n.小卖部；临时餐室	2			
canvas	ˈkænvəs	n.粗帆布；一块油画布	2			
cap	kæp	n.帽子，便帽；帽状物	3			
capable	ˈkeipəbl	a.有能力的，有才能的	1	cap		
capacity	kəˈpæsiti	n.容量；能力；能量	1	cap		
capital	ˈkæpitəl	n.资本，资金；首都	1	capit		
captain	ˈkæptin	n.陆军上尉；队长	2	capit		
captive	ˈkæptiv	n.俘虏，被监禁的人	1	cap		
capture	ˈkæpt∫ə	vt.捕获，俘获；夺得	1	cap		
car	kɑː	n.汽车，小汽车，轿车	3			
carbon	ˈkɑːbən	n.碳	2			
card	kɑːd	n.卡，卡片，名片	3			
care	keə	vi.关心，介意 n.小心	3			
career	kəˈriə	n.生涯，职业，经历	2			
careful	ˈkeəful	a.仔细的；细致的	3			
careless	ˈkeəlis	a.粗心的，漫不经心的	3			
cargo	ˈkɑːgəu	n.船货，货物	2			
carpenter	ˈkɑːpintə	n.木工，木匠	2			
carpet	ˈkɑːpit	n.地毯，毡毯，毛毯	2			
carriage	ˈkæridʒ	n.客车厢；四轮马车	2			
carrier	ˈkæriə	n.运输工具；运载工具	2			
carrot	ˈkærət	n.胡罗卜	3			
carry	ˈkæri	vt.携带；运载；传送	3			
cart	kɑːt	n.二轮运货马车	3			
carve	kɑːv	vt.刻，雕刻；切开	2			
case	keis	n.情况；事实；病例	3	cad		
cash	kæ∫	n.现金，现款	2			
cassette	kɑːˈset	n.盒式录音带；盒子	2			
cast	kɑːst	vt.投，扔，抛；浇铸	2			
castle	ˈkæsl	n.城堡；巨大建筑物	3			
casual	ˈkæʒuəl	a.偶然的；随便的	1	cad		
cat	kæt	n.猫，猫科，猫皮	3			
catalog	ˈkætəlɔg	n.目录，目录册	1	log		
catch	kæt∫	vt.捉住；赶上；领会	3			
cathedral	kəˈθiːdrəl	n.总教堂；大教堂	2			
cattle	ˈkætl	n.牛；牲口，家畜	3			
cause	kɔːz	n.原因，理由；事业	2			
cave	keiv	n.山洞，洞穴，窑洞	2			
cease	siːs	vi.&vi.&n.停止，停息	1	ced		
ceiling	ˈsiːliŋ	n.天花板，顶蓬	2			
celebrate	ˈselibreit	vt.庆祝；歌颂，赞美	2			
cell	sel	n.细胞；小房间	2			
cellar	ˈselə	n.地窑，地下室	2			
cement	siˈment	n.水泥；胶泥 vt.粘结	2			
cent	sent	n.分；分币；百	3	cent		
centigrade	ˈsentigreid	a.百分度的	2	cent	cent,grad	cent(百)+grad(步)，百分度
centimetre	ˈsentiˌmiːtə	n.公分，厘米	2	cent	cent,meter	cent(百)+meter(测量)，百分之一米
central	ˈsentr(ə)l	a.中心的；主要的	2			
centre	ˈsentə	n.中心；中枢 vt.集中	3			
century	ˈsent∫uri	n.世纪，百年	2	cent		
ceremony	ˈseriməni	n.典礼，仪式；礼节	2			
certain	ˈsəːtən	a.确实的；肯定的	2	cern		
certainly	ˈsəːtənli	ad.一定，必定；当然	2	cern		
certainty	ˈsəːtənti	n.必然；肯定	2	cern		
certificate	səˈtifikit	n.证书，证件，执照	1	cern		
chain	t∫ein	n.链，链条，项圈	3			
chair	t∫eə	n.椅子；主席	3			
chairman	ˈt∫eəmən	n.主席；议长，会长	3			
chalk	t∫ɔːk	n.白垩；粉笔	3			
challenge	ˈt∫ælindʒ	n.挑战；要求，需要	2			
chamber	ˈt∫eimbə	n.会议室；房间；腔	2			
champion	ˈt∫æmpjən	n.冠军，得胜者	2			
chance	t∫ɑːns	n.机会，机遇；可能性	3	cad		
change	t∫eindʒ	n.改变，变化；零钱	3			
channel	ˈt∫ænl	n.海峡；渠道；频道	2			
chapter	ˈt∫æptə	n.章，回，篇	2	capit		
character	ˈkæriktə	n.性格；特性；角色	2			
characteristic	ˌkæriktəˈristik	a.特有的 n.特性	1			
charge	t∫ɑːdʒ	vt.索价；控告 n.费用	2			
charity	ˈt∫æriti	n.施舍；慈善事业	1			
charming	ˈt∫ɑːmiŋ	a.迷人的，可爱的	2			
chart	t∫ɑːt	n.图，图表；海图	2			
chase	t∫eis	n.追逐，追赶，追求	2			
cheap	t∫iːp	a.廉价的；劣质的	2			
cheat	t∫iːt	vt.骗取；哄 vi.行骗	2			
check	t∫ek	vt.检查；制止 n.检查	3			
cheek	t∫iːk	n.面颊，脸蛋	3			
cheer	t∫iə	vt.使振作；欢呼	2			
cheerful	ˈt∫iəful	a.快乐的，愉快的	2			
cheese	t∫iːz	n.乳酪，干酪	3			
chemical	ˈkemikəl	a.化学的 n.化学制品	2			
chemist	ˈkemist	n.化学家；药剂师	2			
chemistry	ˈkemistri	n.化学	2			
cheque	t∫ek	n.支票	2			
cherry	ˈt∫eri	n.樱桃；樱桃树	3			
chess	t∫es	n.棋；国际象棋	2			
chest	t∫est	n.胸腔，胸膛；箱子	3			
chew	t∫uː	vt.咀嚼，嚼碎	3			
chicken	ˈt∫ikin	n.小鸡，小鸟；鸡肉	3			
chief	t∫iːf	a.主要的；首席的	2	capit		
child	t∫aild	n.小孩，儿童；儿子	3			
childhood	ˈt∫aildhud	n.童年，幼年；早期	3			
childish	ˈt∫aildi∫	a.孩子的；幼稚的	3			
chill	t∫il	vt.使变冷 n.寒冷	2			
chimney	ˈt∫imni	n.烟囱，烟筒；玻璃罩	2			
chin	t∫in	n.颏，下巴	3			
China	ˈt∫ainə	n.中国	3			
Chinese	ˈt∫aiˈniːz	a.中国的 n.中国人	3			
chocolate	ˈt∫ɔkəlit	n.巧克力；巧克力糖	3			
choice	t∫ɔis	n.选择，抉择	3			
choke	t∫əuk	vt.使窒息；塞满	2			
choose	t∫uːz	vt.选择，挑选；情愿	3			
chop	t∫ɔp	vt.砍，劈；切细 vi.砍	2			
Christian	ˈkristjən	n.基督教徒；信徒	2			
Christmas	ˈkrisməs	n.圣诞节	3			
church	t∫əːt∫	n.教堂，礼拜堂；教会	3			
cigarette	sigəˈret	n.香烟，纸烟，卷烟	2			
cinema	ˈsinimə	n.电影院；电影，影片	2			
circle	ˈsəːkl	n.圆，圆周；圈子	2	circ		
circuit	ˈsəːkit	n.电路；环行；巡行	1	circ		
circular	ˈsəːkjulə	a.圆的；循环的	2	circ		
circulate	ˈsəːkjuleit	vt.使循环 vi.循环	1	circ		
circumference	səˈkʌmfərəns	n.圆周，周长，圆周线	1	fer		
circumstance	ˈsəːkəmstəns	n.情况，条件；境遇	2	sist		
citizen	ˈsitizn	n.公民；市民，居民	2	civ		
city	ˈsiti	n.城市，都市	3	civ		
civil	ˈsivl	a.公民的；文职的	2	civ		
civilization	sivəliˈzei∫ən	n.文明，文化；开化	2	civ		
civilize	ˈsivilaiz	vt.使文明；教育	2	civ		
claim	kleim	vt.声称，主张；索取	1	claim		
clap	klæp	vi.拍手 vt.拍，轻拍	2			
clarify	ˈklærifai	vt.澄清，阐明	1	clar		
clasp	klɑːsp	n.扣子，钩子；别针	2			
class	klɑːs	n.班，班级；阶级	3			
classical	ˈklæsikəl	a.古典的；经典的	2			
classification	ˌklæsifiˈkei∫ən	n.分类/级;分类法	1			
classify	ˈklæsifai	vt.把…分类	1			
classmate	ˈklɑːsmeit	n.同班同学	3			
classroom	ˈklɑːsrum	n.教室，课堂	3			
claw	klɔː	n.爪，脚爪，螯	3			
clay	klei	n.粘土，泥土；肉体	3			
clean	kliːn	a.清洁的；纯洁的	3			
clear	kliə	a.清晰的 vt.清除	3	clar		
clearly	ˈkliəli	ad.明白地，清晰地	3	clar		
clerk	klərk	n.店员；办事员，职员	2			
clever	ˈklevə	a.聪明的；机敏的	3			
cliff	klif	n.悬崖，峭壁	2			
climate	ˈklaimit	n.气候；风土，地带	2			
climb	klaim	vi.攀登，爬 vt.爬	3			
cloak	kləuk	n.斗篷；覆盖(物)	2			
clock	klɔk	n.钟，仪表	3			
close	kləuz	vt.关，闭；结束	3	clud		
closely	ˈkləuzli	ad.紧密地，接近地	3	clud		
cloth	klɔ(ː)θ	n.布；衣料；桌布	3			
clothe	kləuð	vt.给…穿衣服	2			
clothes	kləuðz	n.衣服，服装；被褥	3			
clothing	ˈkləuðiŋ	n.衣服，被褥	3			
cloud	klaud	n.云；云状物；阴影	3			
cloudy	ˈklaudi	a.多云的；云一般的	3			
club	klʌb	n.俱乐部，夜总会	3			
clue	kluː	n.线索，暗示，提示	2			
clumsy	ˈklʌmzi	a.笨拙的；愚笨的	2			
coach	kəut∫	n.长途公共汽车	2			
coal	kəul	n.煤，煤块	3			
coarse	kɔːs	a.粗的，粗糙的	2			
coast	kəust	n.海岸，海滨(地区)	2			
coat	kəut	n.外套，上衣；表皮	3			
cock	kɔk	n.公鸡；雄禽；旋塞	3			
code	kəud	n.准则；法典；代码	2			
coffee	ˈkɔfi	n.咖啡，咖啡茶	3			
coil	kɔil	n.(一)卷；线圈 vt.卷	2			
coin	kɔin	n.硬币；铸造(硬币)	2			
cold	kəuld	a.冷的；冷淡的 n.冷	3			
collapse	kəˈlæps	vi.倒坍；崩溃，瓦解	1			
collar	ˈkɔlə	n.衣领，项圈	2			
colleague	ˈkɔliːg	n.同事，同僚	1			
collect	kəˈlekt	vt.收集 vi.收款	2	lect		
collection	kəˈlek∫ən	n.搜集，收集；收藏品	2	lect		
collective	kəˈlektiv	a.集体的；集合性的	1	lect		
college	ˈkɔlidʒ	n.学院；大学	2			
collision	kəˈliʒən	n.碰撞；冲突	1			
colonel	ˈkəːnl	n.陆军上校；中校	2			
colony	ˈkɔləni	n.殖民地；侨居地	1			
color	ˈkʌlə	n.颜色，彩色；颜料	3			
column	ˈkɔləm	n.柱，支柱，圆柱	1			
comb	kəum	n.梳子 vt.梳理	3			
combination	ˌkɔmbiˈnei∫ən	n.结合,联合;化合	1			
combine	kəmˈbain	vt.使结合；兼有	2			
come	kʌm	vi.来，来到；出现	3			
comfort	ˈkʌmfət	n.舒适；安慰 vt.安慰	2	fort		
comfortable	ˈkʌmfətəbl	a.舒适的，安慰的	2	fort		
command	kəˈmɑːnd	vt.命令，指挥；控制	2			
commander	kəˈmɑːndə	n.司令官，指挥员	1			
comment	ˈkɔment	n.评论，意见；注释	2	ment		
commerce	ˈkɔmə(ː)s	n.商业，贸易；社交	1			
commercial	kəˈməː∫əl	a.商业的；商品化的	1			
commission	kəˈmi∫ən	n.委任状；委员会	1	mit		
commit	kəˈmit	vt.犯(错误);干(坏事)	1	mit		
committee	kəˈmiti	n.委员会；全体委员	2	mit		
common	ˈkɔmən	a.普通的；共同的	3			
commonly	ˈkɔmənli	ad.普通地，一般地	2			
communicate	kəˈmjuːnikeit	vi.通讯;传达;传播	2			
communication	kəˌmjuːniˈkei∫n	n.通讯;传达；交通	2			
communism	ˈkɔmjunizəm	n.共产主义	1			
communist	ˈkɔmjunist	n.共产党员	1			
community	kəˈmjuːniti	n.社区；社会；公社	2			
companion	kəmˈpænjən	n.同伴;共事者;伴侣	1			
company	ˈkʌmpəni	n.公司，商号；同伴	2			
comparative	kəmˈpærətiv	a.比较的，相对的	1	par		
compare	kəmˈpeə	vt.比较，对照；比作	2	par		
comparison	kəmˈpærisn	n.比较，对照；比似	2	par		
compass	ˈkʌmpəs	n.罗盘，指南针；圆规	1			
compel	kəmˈpel	vt.强迫，迫使屈服	1	pel		
compete	kəmˈpiːt	vi.比赛；竞争；对抗	2	pet		
competent	ˈkɔmpitənt	a.有能力的；应该做的	1	pet		
competition	kɔmpiˈti∫ən	n.竞争，比赛	2	pet		
compile	kəmˈpail	vt.编辑，编制，搜集	1			
complain	kəmˈplein	vi.抱怨，拆苦；控告	2			
complaint	kəmˈpleint	n.抱怨；怨言；控告	1			
complete	kəmˈpliːt	a.完整的；完成的	2	ple		
completely	kəmˈpliːtli	ad.十分，完全地	2	ple		
complex	ˈkɔmpleks	a.结合的；复杂的	2	plic		
complicate	ˈkɔmplikeit	vt.使复杂；使陷入	1	plic		
complicated	ˈkɔmplikeitid	a.复杂的，难懂的	2	plic		
component	kəmˈpəunənt	n.组成部分；分；组件	1	pon		
compose	kəmˈpəuz	vt.组成，构成；创作	1	pon		
composition	kɔmpəˈzi∫ən	n.构成；作品；写作	1	pon		
compound	ˈkɔmpaund	n.化合物；复合词	1	pon		
comprehension	ˌkɔmpriˈhen∫ən	n.理解，理解力；领悟	1	prehend		
comprehensive	ˌkɔmpriˈhensiv	a.广泛的；理解的	1	prehend		
compress	kəmˈpres	vt.压紧，压缩	1			
comprise	kəmˈpraiz	vt.包含，包括；构成	1			
compromise	ˈkɔmprəmaiz	n.妥协，和解	1			
compute	kəmˈpjuːt	vt.计算，估计，估算	1			
computer	kəmˈpjuːtə	n.计算机，电脑	3			
comrade	ˈkɔmrid	n.同志，亲密的同伴	2			
conceal	kənˈsiːl	vt.把…隐藏起来	1			
concentrate	ˈkɔnsentreit	vt.集中；聚集；浓缩	2			
concentration	ˌkɔnsenˈtrei∫ən	n.集中;专注;浓缩	1			
concept	ˈkɔnsept	n.概念，观念，设想	2	cap		
concern	kənˈsəːn	n.关心，挂念；关系	2	cern		
concerning	kənˈsəːniŋ	prep.关于	1	cern		
concert	ˈkɔnsət	n.音乐会，演奏会	2			
conclude	kənˈkluːd	vt.推断出；结束	2	clud		
conclusion	kənˈkluːʒən	n.结论，推论；结尾	2	clud		
concrete	ˈkɔnkriːt	n.混凝土；具体物	1	creas		
condemn	kənˈdem	vt.谴责，指责；判刑	1			
condense	kənˈdens	vt.压缩，使缩短	1			
condition	kənˈdi∫ən	n.状况，状态；环境	2	dic		
conduct	ˈkɔndʌkt,-dəkt	n.举止，行为；指导	2	duc		
conductor	kənˈdʌktə	n.售票员；(乐队)指挥	2	duc		
conference	ˈkɔnfərəns	n.会议，讨论会	1	fer		
confess	kənˈfes	vt.供认，承认；坦白	1			
confidence	ˈkɔnfidəns	n.信任；信赖；信心	2	fid		
confident	ˈkɔnfidənt	n.确信的，自信的	2	fid		
confine	ˈkɔnfain	vt.限制；禁闭	1	fin		
confirm	kənˈfəːm	vt.证实，肯定；批准	2	firm		
conflict	ˈkɔnflikt	n.争论；冲突；斗争	1			
confuse	kənˈfjuːz	vt.使混乱，混淆	2	fus		
confusion	kənˈfjuːʒən	n.混乱；骚乱；混淆	1	fus		
congratulate	kənˈgrætjuleit	vt.祝贺,向…道喜	1	grat		
congratulation	kənˌgrætjuˈlei∫ən	n.祝贺(词)	1	grat		
congress	ˈkɔŋgres	n.大会；国会，议会	1	grad		
conjunction	kənˈdʒʌŋk∫ən	n.接合,连接(词)	1	junct		
connect	kəˈnekt	vt.连接，连结；联系	2			
connection	kəˈnek∫ən	n.连接，联系；连贯性	2			
conquer	ˈkɔŋkə	vt.征服，战胜；破除	1	quir		
conquest	ˈkɔŋkwest	n.攻取，征服；克服	1	quir		
conscience	ˈkɔn∫əns	n.良心，道德心	1	sci		
conscious	ˈkɔn∫əs	a.意识到的；有意的	2	sci		
consciousness	ˈkɔn∫əsnis	n.意识,觉悟;知觉	1	sci		
consent	kənˈsent	n.同意，赞成 vi.同意	1	sens		
consequence	ˈkɔnsikwəns	n.结果，后果	2	sequ		
consequently	ˈkɔnsikwəntli	ad.因此/而,所以	1	sequ		
conservation	ˌkɔnsə(ː)ˈvei∫ən	n.保存，保护；守恒	1	serv		
conservative	kənˈsəːvətiv	a.保守的 n.保守的人	1	serv		
consider	kənˈsidə	vt.认为；考虑；关心	2			
considerable	kənˈsidərəbl	a.相当大的;重要的	1			
considerate	kənˈsidərit	a.考虑周到的；体谅的	1			
consideration	kənsidəˈrei∫ən	n.考虑，思考；体贴	1			
consist	kənˈsist	vi.由…组成；在于	1	sist		
consistent	kənˈsistənt	a.坚持的，一贯的	1	sist		
constant	ˈkɔnstənt	a.经常的；永恒的	2	sist		
constitution	ˌkɔnstiˈtjuː∫ən	n.章程;体质;构造	1	sist		
construct	kənˈstrʌkt	vt.建造；建设；构筑	1	stru		
construction	kənˈstrʌk∫ən	n.建造;建筑(物)	1	stru		
consult	kənˈsʌlt	vt.请教，查阅	1			
consume	kənˈsjuːm	vt.消耗，消费；消灭	1	sum		
consumption	kənˈsʌmp∫ən	n.消耗量；消耗	1	sum		
contact	ˈkɔntækt	vt.使接触；与…联系	2	tach		
contain	kənˈtein	vt.包含，容纳；等于	2	tain		
container	kənˈteinə	n.容器；集装箱	1	tain		
contemporary	kənˈtempərəri	a.当代的，同时代的	1	temp		
contempt	kənˈtempt	n.轻蔑；藐视；受辱	1			
content	kənˈtent	n.内容，目录；容量	2	tain		
contest	ˈkɔntest	vt.争夺，争取；辩驳	1	test		
continent	ˈkɔntinənt	n.大陆；陆地；洲	2	tain		
continual	kənˈtinjuəl	a.不断的；连续的	1	tain		
continue	kənˈtinjuː	vt.继续，连续；延伸	2	tain		
continuous	kənˈtinjuəs	a.连续不断的，持续的	2	tain		
contract	ˈkɔntrækt	n.契约，合同；婚约	2	tract		
contradiction	ˌkɔntrəˈdik∫ən	n.矛盾，不一致；否认	1	dic		
contrary	ˈkɔntrəri	a.相反的 n.相反	2			
contrast	ˈkɔntræst	n.对比，对照，悬殊	2			
contribute	kənˈtribjuːt	vt.捐献，捐助；投稿	2	trib		
control	kənˈtrəul	vt.控制，克制 n.控制	2			
convenience	kənˈviːnjəns	n.便利,方便；厕所	2	ven		
convenient	kənˈviːnjənt	a.便利的；近便的	2	ven		
convention	kənˈven∫ən	n.习俗，惯例；公约	1	ven		
conventional	kənˈven∫ənl	a.普通的；习惯的	1	ven		
conversation	ˌkɔnvəˈsei∫ən	n.会话,非正式会谈	2	vert		
conversely	ˈkɔnvəːsli	ad.相反地	1	vert		
conversion	kənˈvəː∫ən	n.转变，转化；改变	1	vert		
convert	kənˈvəːt	vt.使转变；使改变	1	vert		
convey	kənˈvei	vt.传送；运送；传播	1	vi		
convince	kənˈvins	vt.使确信，使信服	2	vinc		
cook	kuk	vt.烹调，煮 vt.烧菜	3			
cool	kuːl	a.凉的，冷静的	3			
cooperate	kəuˈɔpəreit	vi.合作，协作；配合	2	oper		
coordinate	kəuˈɔːdinit	vt.使协调，调节	1	ord		
cope	kəup	vi.对付，应付	1			
copper	ˈkɔpə	n.铜；铜币，铜制器	2			
copy	ˈkɔpi	n.抄件 vt.抄写，复制	3			
cord	kɔːd	n.细绳，粗线，索	2			
cordial	ˈkɔːrdʒəl	a.真诚的，诚恳的	1			
core	kɔː	n.果实的心，核心	2			
corn	kɔːn	n.谷物；(英)小麦	3			
corner	ˈkɔːnə	n.角；犄角；边远地区	3			
corporation	ˌkɔːpəˈrei∫ən	n.公司，企业；社团	1	corp		
correct	kəˈrekt	a.正确的 vt.纠正	2	reg		
correction	kəˈrek∫ən	n.改正，纠正，修改	1	reg		
correspond	kɔːrəˈspɔnd	vi.相符合；相当	1			
correspondent	ˌkɔrisˈpɔndənt	n.通信者;通讯员	1			
corresponding	ˌkɔrisˈpɔndiŋ	a.相应的;符合的	1			
corridor	ˈkɔridɔː	n.走廊，回廊，通路	1	cur		
cost	kɔst	n.价格，代价；成本	3			
costly	ˈkɔstli	a.昂贵的；价值高的	1			
cottage	ˈkɔtidʒ	n.村舍，小屋	1			
cotton	ˈkɔtn	n.棉；棉线；棉布	3			
cough	kɔːf	vi.咳，咳嗽 n.咳嗽	3			
could	kud	aux.v.(can 的过去式)	3			
council	ˈkaunsil	n.理事会，委员会	1			
count	kaunt	vt.计算 vi.数，计数	3			
counter	ˈkauntə	n.柜台；计数器	2			
country	ˈkʌntri	n.国家，国土；农村	3			
countryside	ˈkʌntrisaid	n.乡下，农村	3			
county	ˈkaunti	n.英国的郡，美国的县	2			
couple	ˈkʌpl	n.夫妇；(一)对；几个	2			
courage	ˈkʌridʒ	n.勇气，胆量，胆识	2			
course	kɔːs	n.课程；过程；一道菜	3	cur		
court	kɔːt	n.法院，法庭；庭院	2			
cousin	ˈkʌzn	n.堂(或表)兄弟(姐妹)	3			
cover	ˈkʌvə	vt.盖，包括 n.盖子	3			
cow	kau	n.母牛，奶牛；母兽	3			
coward	ˈkauəd	n.懦夫；胆怯者	2			
crack	kræk	n.裂缝，裂纹 vi.爆裂	2			
craft	krɑːft	n.工艺；手艺，行业	2			
crane	krein	n.起重机，摄影升降机	2			
crash	kræ∫	vi.碰撞，坠落 n.碰撞	2			
crawl	krɔːl	vi.爬，爬行	2			
crazy	ˈkreizi	a.疯狂的，荒唐的	2			
cream	kriːm	n.奶油，乳脂；奶油色	3			
create	kriˈeit	vt.创造；引起，产生	2	creas		
creative	kri(ː)ˈeitiv	a.创造性的，创作的	2	creas		
creature	ˈkriːt∫ə	n.生物，动物，家畜	2	creas		
credit	ˈkredit	n.信用贷款；信用	2	cred		
creep	kriːp	vi.爬行；缓慢地行进	2			
crew	kruː	n.全体船员	2			
cricket	ˈkrikit	n.板球；蟋蟀	1			
crime	kraim	n.罪，罪行；犯罪	2	cern		
criminal	ˈkriminl	n.犯人，罪犯，刑事犯	2	cern		
cripple	ˈkripl	n.跛子；残废的人	1			
crisis	ˈkraisis	n.危机；存亡之际	2	cern		
critic	ˈkritik	n.批评家，爱挑剔的人	2	cern		
critical	ˈkritikəl	a.决定性的；批评的	2	cern		
criticism	ˈkritisiz(ə)m	n.批评；批判；评论	2	cern		
criticize	ˈkritisaiz	vt.批评；评论；非难	2	cern		
crop	krɔp	n.农作物，庄稼；一熟	3			
cross	krɔs	vt.穿过；使交叉	3			
crow	krəu	n.鸦，乌鸦 vi.啼	2			
crowd	kraud	n.群；大众；一伙人	3			
crown	kraun	n.王冠，冕；花冠	2			
crude	kruːd	a.简陋的；天然的	2			
cruel	ˈkruəl	a.残忍的，残酷的	2			
crush	krʌ∫	vt.压碎，碾碎；镇压	2			
crust	krʌst	n.面包皮；硬外皮	1			
cry	krai	vi.哭，哭泣；叫喊	3			
crystal	ˈkristl	n.水晶，结晶体；晶粒	2			
cube	kjuːb	n.立方形；立方	2			
cubic	ˈkjuːbik	a.立方形的；立方的	1			
cucumber	ˈkjuːkʌmbə	n.黄瓜	3			
cultivate	ˈkʌltiveit	vt.耕；种植；培养	2			
culture	ˈkʌlt∫ə	n.文化，文明；教养	2			
cunning	ˈkʌniŋ	a.狡猾的，狡诈的	1			
cup	kʌp	n.杯子；(一)杯；奖杯	3			
cupboard	ˈkʌbəd	n.碗柜，碗碟橱；食橱	3			
cure	kjuə	vt.医治；消除 n.治愈	2	cur		
curiosity	ˌkjuəriˈɔsiti	n.好奇，好奇心；珍品	2	cur		
curious	ˈkjuəriəs	a.好奇的；稀奇古怪的	2	cur		
curl	kəːl	n.卷毛；螺旋 vi.卷曲	2			
current	ˈkʌrənt	a.当前的；通用的	2	cur		
curse	kəːs	n.诅咒，咒骂；天谴	2			
curtain	ˈkəːtən	n.帘，窗帘；幕(布)	3			
curve	kəːv	n.曲线；弯 vt.弄弯	2			
cushion	ˈku∫ən	n.垫子，坐垫，靠垫	1			
custom	ˈkʌstəm	n.习惯，风俗；海关	2			
customer	ˈkʌstəmə	n.顾客，主顾	2			
cut	kʌt	vt.切，割，剪；减少	3			
cycle	ˈsaikl	n 自行车，循环	2	circ		
daily	ˈdeili	a.每日的 n.日报	3			
dairy	ˈdeəri	n.牛奶场；乳制品	2			
dam	dæm	n.水坝，水堤；障碍物	2			
damage	ˈdæmidʒ	vt.损害，毁坏 n.损害	2			
damp	dæmp	a.潮湿的，有湿气的	2			
dance	ˈdɑːns	vi.跳舞；摇晃 n.舞	3			
danger	ˈdeindʒə	n.危险；危险事物	3			
dangerous	ˈdeindʒrəs	a.危险的，不安全的	3			
dare	deə	vt.&aux.v.敢；竟敢	3			
daring	ˈdeəriŋ	a.大胆的，勇敢的	2			
dark	dɑːk	a.暗的；黑色的	3			
darling	ˈdɑːliŋ	n.亲爱的人；宠儿	2			
dash	dæ∫	vt.使猛撞；溅 n.猛冲	2			
data	ˈdeitə	n.数据; 资料	2	don		
date	deit	n.日期 vt.注…日期	3	don		
daughter	ˈdɔːtə	n.女儿	3			
dawn	dɔːn	n.黎明；开端 vi.破晓	2			
day	dei	n.(一)天，白昼，白天	3			
daylight	ˈdeilait	n.白昼，日光；黎明	3			
dead	ded	a.死的，无生命的	3			
deadly	ˈdedli	a.致命的，死一般的	2			
deaf	def	a.聋的；不愿听的	3			
deal	diːl	n.买卖；待遇 vt.给予	3			
dear	diə	a.亲爱的 int.啊	3			
death	deθ	n.死，死亡；灭亡	3			
debate	diˈbeit	n.&vi.争论，辩论	2			
debt	det	n.债，债务，欠债	2			
decade	ˈdekeid	n.十年，十年期	2			
decay	diˈkei	vi.腐烂；衰败 n.腐烂	2	cad		
deceit	diˈsiːt	n.欺骗，欺诈	1	cap		
deceive	diˈsiːv	vt.欺骗，蒙蔽，行骗	2	cap		
December	diˈsembə	n.十二月	3			
decent	ˈdiːsnt	a.正派的；体面的	2			
decide	diˈsaid	vt.决定，决心；解决	2	cid		
decision	diˈsiʒən	n.决定，决心；果断	2	cid		
deck	dek	n.甲板；舱面；层面	2			
declare	diˈkleə	vt.断言；声明；表明	2	clar		
decorate	ˈdekəreit	vt.装饰，装璜，修饰	2			
decrease	diːˈkriːs	vi.&n.减少，减少	2	creas		
deduce	diˈdjuːs	vt.演绎，推论，推断	2	duc		
deed	diːd	n.行为；功绩；契约	2			
deep	diːp	a.深的；纵深的	3			
deepen	ˈdiːpən	vt.加深 vi.深化	2			
deer	diə	n.鹿	3			
defeat	diˈfiːt	vt.战胜，击败；挫败	2	fac		
defect	diˈfekt	n.缺点，缺陷，欠缺	2	fac		
defence	diˈfens	n.防御；防务；辩护	2			
defend	diˈfend	vt.保卫，防守	2			
define	diˈfain	vt.给…下定义；限定	2	fin		
definite	ˈdefinit	a.明确的；肯定的	2	fin		
definitely	ˈdefinitli	ad.一定地，明确地	2	fin		
definition	ˌdefiˈni∫ən	n.定义，释义；定界	2	fin		
degree	diˈgriː	n.程度；度；学位	3	grad		
delay	diˈlei	vt.推迟；耽搁；延误	2			
delete	diˈliːt	vt.删除；擦掉	2			
delegation	ˌdeliˈgei∫ən	n.代表团	1	lect		
delicate	ˈdelikit	a.纤细的；易碎的	2			
delicious	diˈli∫əs	a.美味的，怡人的	3			
delight	diˈlait	n.快乐 vt.使高兴	2			
deliver	diˈlivə	vt.投递，送交；发表	2	liber		
delivery	diˈlivəri	n.投递；交付；分娩	2	liber		
demand	diˈmɑːnd	vt.要求；需要；询问	2			
democracy	diˈmɔkrəsi	n.民主，民主制	2	dem	dem,crat	dem(人民)+crat(统治)，人民做主
democratic	ˌdeməˈkrætik	a.民主的，民主政体的	2	dem	dem,crat	dem(人民)+crat(统治)，人民当家
demonstrate	ˈdemənstreit	vt.说明;论证;表露	2	mon		
dense	dens	a.密集的；浓厚的	2			
density	ˈdensiti	n.密集，稠密；密度	2			
deny	diˈnai	vt.否定；拒绝相信	2	neg		
depart	diˈpɑːt	vi.离开，起程；出发	2	part		
department	diˈpɑːtmənt	n.部,司,局,处,系	2	part		
departure	diˈpɑːt∫ə	n.离开，出发，起程	2	part		
depend	diˈpend	vi.依靠，依赖；相信	2	pend		
dependent	diˈpendənt	a.依靠的，依赖的	2	pend		
deposit	diˈpɔzit	vt.使沉淀；存放	2	pon		
depress	diˈpres	vt.使沮丧；按下	2			
depth	depθ	n.深度；深厚；深处	2			
derive	diˈraiv	vt.取得 vi.起源	2			
descend	diˈsend	vi.下来，下降；下倾	2			
describe	disˈkraib	vt.形容；描写，描绘	2	scrib		
description	disˈkrip∫ən	n.描写，形容；种类	2	scrib		
desert	diˈzəːt	n.沙漠 vt.离弃；擅离	2			
deserve	diˈzəːv	vt.应受，值得	2	serv		
design	diˈzain	vt.设计 n.设计；图样	2	sign		
desirable	diˈzaiərəbl	a.值得相望的；可取的	2			
desire	diˈzaiə	vt.相望；要求 n.愿望	2			
desk	desk	n.书桌，办公桌	3			
despair	disˈpeə	n.绝望 vi.绝望	2	sper		
desperate	ˈdespərit	a.拼死的；绝望的	2	sper		
despise	disˈpaiz	vt.鄙视，蔑视	1	spec		
despite	disˈpait	prep.不管，不顾	2	spec		
destination	ˌdestiˈnei∫ən	n.目的地,终点；目标	2			
destroy	disˈtrɔi	vt.破坏；消灭；打破	2	stru		
destruction	disˈtrʌk∫ən	n.破坏，毁灭，消灭	2	stru		
detail	diˈteil	n.细节；枝节；零件	2			
detect	diˈtekt	vt.察觉，发觉；侦察	2	tect		
detection	diˈtek∫ən	n.察觉，发觉；侦察	2	tect		
determination	ditəːmiˈnei∫(ə)n	n.决心/定;确定	2	termin		
determine	diˈtəːmin	vt.决定；查明；决心	2	termin		
develop	diˈveləp	vt.发展；形成；开发	2			
development	diˈveləpmənt	n.发展;开发；生长	2			
device	diˈvais	n.器械，装置；设计	2			
devil	ˈdevl	n.魔鬼，恶魔	2			
devise	diˈvaiz	vt.设计，发明	2			
devote	diˈvəut	vt.将…奉献，致力于	2			
dew	djuː	n.露，露水	1			
diagram	ˈdaiəgræm	n.图解，图表，简图	2	graph		
dial	ˈdaiəl	n.钟面；拨号盘 vt.拨	2			
dialect	ˈdaiəlekt	n.方言，土语，地方话	2	lect		
dialog	ˈdaiəlɔg	n.对话，对白	2	log		
diameter	daiˈæmitə	n.直径	2	meter		
diamond	ˈdaiəmənd	n.金钢石，钻石；菱形	3			
diary	ˈdaiəri	n.日记，日记簿	3			
dictate	dikˈteit	vt.&vi.口授；命令	1	dic		
dictation	dikˈtei∫ən	n.口授笔录，听写	2	dic		
dictionary	ˈdik∫ənəri	n.词典，字典	3	dic		
die	dai	vi.死，死亡；灭亡	3			
differ	ˈdifə	vi.不同，相异	2	fer		
difference	ˈdifərəns	n.差别；差；分歧	3	fer		
different	ˈdifrənt	a.差异的；各种的	3	fer		
difficult	ˈdifikəlt	a.困难的；难对付的	3	fac		
difficulty	ˈdifikəlti	a.困难；难事；困境	3	fac		
dig	dig	vt.掘，挖；采掘	3			
digest	daiˈdʒest	vt.消化；领会 n.文摘	1			
digital	ˈdidʒitl	a.数字的，计数的	2			
diligent	ˈdilidʒənt	a.勤勉的，勤奋的	1	lect		
dim	dim	a.昏暗的；朦胧的	1			
dimension	diˈmen∫ən	n.尺寸，尺度；面积	1	meter		
dinner	ˈdinə	n.正餐，主餐；宴会	3			
dip	dip	vt.浸，蘸 vi.浸一浸	2			
direct	diˈrekt	a.直接的；直率的	3	reg		
direction	diˈrek∫ən	n.方向，方位；指导	3	reg		
directly	diˈrektli	ad.直接地；立即	3	reg		
director	diˈrektə	n.指导者；理事；导演	3	reg		
dirt	dəːt	n.尘，土；污物，污垢	3			
dirty	ˈdəːti	a.脏的；下流的	3			
disable	disˈeibl	vt.使无能，使伤残	2			
disadvantage	ˌdisədˈvɑːntidʒ	n.不利(地位)	2			
disagree	ˌdisəˈgriː	vi.有分歧；不一致	3			
disappear	ˌdisəˈpiə	vi.不见，失踪；消失	3	par		
disappoint	ˌdisəˈpɔint	vt.使失望，使受挫折	2	punct		
disaster	diˈzɑːstə	n.灾难，灾祸；天灾	2	astro		
disk	disk	n.圆盘，唱片；磁盘	3			
discard	disˈkɑːd	vt.丢弃，抛弃，遗弃	1			
discharge	disˈt∫ɑːdʒ	vt.释放；排出 n.释放	1			
discipline	ˈdisiplin	n.纪律；训练 vt.训练	1			
disclose	disˈkləuz	vt.揭开，揭发；透露	1	clud		
discourage	disˈkʌridʒ	vt.使泄气，使灰心	1			
discover	disˈkʌvə	vt.发现；暴露，显示	3			
discovery	disˈkʌvəri	n.发现；被发现的事物	3			
discuss	disˈkʌs	vt.讨论，谈论；论述	3			
discussion	disˈkʌ∫ən	n.讨论，谈论；论述	3			
disease	diˈziːz	n.病，疾病；病害	3			
disguise	disˈgaiz	vi.隐瞒，掩埋 n.假装	1			
disgust	disˈgʌst	n.厌恶，憎恶	1			
dish	di∫	n.碟，盘子；菜肴	3			
dishonor	disˈɔnə	n.不光彩；丢脸的人	2			
dislike	disˈlaik	vt.&n.不喜爱，厌恶	3			
dismiss	disˈmis	vt.不再考虑；解雇	2	mit		
disorder	disˈɔːdə	n.混乱，杂乱；骚乱	2	ord		
display	diˈsplei	vt.陈列，展览；显示	2	plic		
disposal	disˈpəuzəl	n.丢掉，处理，销毁	1	pon		
dispose	disˈpəuz	vi.去掉，丢掉；销毁	1	pon		
displease	disˈpliːz	vt.使不愉快，使生气	2	plac		
dispute	disˈpjuːt	vi.争论，争执 n.争论	1			
dissatisfy	ˈdisˈsætisfai	vi.使不满，使不平	2	fac		
dissolve	diˈzɔlv	vt.使溶解；解散	1	solv		
distance	ˈdistəns	n.距离，间距；远处	3	sist		
distant	ˈdistənt	a.在远处的，疏远的	2	sist		
distinct	disˈtiŋkt	a.与其他不同的	1			
distinction	disˈtiŋk∫ən	n.差别，不同，区分	1			
distinguish	disˈtiŋgwi∫	vt.区别，辨别，认别	1			
distress	disˈtres	n.忧虑，悲伤；不幸	1	string		
distribute	disˈtribju(ː)t	vt.分发，分送；分布	1	trib		
distribution	ˌdistriˈbjuː∫ən	n.分发/配；分布	1	trib		
district	ˈdistrikt	n.区；地区，区域	2	string		
disturb	disˈtəːb	vt.打扰，扰乱；弄乱	2	turb		
ditch	dit∫	n.沟，沟渠，渠道	1			
dive	daiv	vi.跳水；潜水；俯冲	2			
diverse	daiˈvəːs	a.不一样的，相异的	1	vert		
divide	diˈvaid	vt.分；分配；分开	2			
division	diˈviʒən	n.分，分配；除法	2			
divorce	diˈvɔːs	n.离婚，离异 vi.离婚	2	vert		
do	duː	aux.v. vt.做，干，办	3			
dock	dɔk	n.船坞；码头；船厂	1			
doctor	ˈdɔktə	n.医生，医师；博士	3	doc		
document	ˈdɔkjumənt	n.公文，文件；证件	2	doc		
dog	dɔg	n.狗，犬，犬科动物	3			
dollar	ˈdɔlə	n.元(货币单位)	3			
domestic	dəˈmestik	a.本国的；家庭的	1	domin		
donkey	ˈdɔŋki	n.驴；笨蛋	3			
door	dɔː	n.门，通道；一家	3			
dorm	dɔːm	n.宿舍	2	dorm		
dormitory	ˈdɔːmitri	n.集体寝室；宿舍	2	dorm		
dose	dəus	n.剂量，用量；一剂	2			
dot	dɔt	n.点，圆点 vt.打点于	3			
double	ˈdʌbl	a.两倍的；双的	3			
doubt	daut	n.怀疑；疑虑 vt.怀疑	3			
doubtful	ˈdautful	a.难以预测的；怀疑的	2			
doubtless	ˈdautlis	ad.无疑地；很可能	2			
down	daun	ad.向下，在下面	3			
downstairs	daunˈsteəz	ad.在楼下 a.楼下的	3			
downward	ˈdaunwəd	a.向下的 ad.向下地	2			
dozen	ˈdʌzn	n.一打，十二个	3			
draft	drɑːft	n.草稿；汇票 vt.起草	1			
drag	dræg	vt.拖，拉；拖曳	2			
dragon	ˈdrægən	n.龙；凶暴的人	3			
drain	drein	vt.排去；放水 n.耗竭	1			
drama	ˈdrɑːmə	n.一出戏剧，剧本	2			
dramatic	drəˈmætik	a.引人注目的，戏剧的	1			
draw	drɔː	vt.画，划；拖；拨出	3			
drawer	ˈdrɔːə	n.抽屉	3			
drawing	ˈdrɔːiŋ	n.图画，素描；绘图	3			
dread	dred	n.畏惧；恐怖 vt.惧怕	1			
dream	driːm	n.梦；梦想 vi.做梦	3			
dress	dres	n.女服，童装；服装	3			
drift	drift	vi.漂流，漂泊 n.漂流	1			
drill	dril	n.钻头；操练 vi.钻孔	2			
drink	driŋk	vt.饮 vi.喝 n.饮料	3			
drip	drip	vi.滴下；漏水 n.水滴	1			
drive	draiv	vt.驾驶；打入；驱	3			
driver	ˈdraivə	n.驾驶员，司机	3			
drop	drɔp	vt.使落下；降低	3			
drought	draut	n.旱灾，干旱	1			
drown	draun	vi.淹死，溺死	1			
drug	drʌg	n.药，药物，药材	3			
drum	drʌm	n.鼓；鼓状物，圆桶	3			
drunk	drʌŋk	a.醉的；陶醉的	2			
dry	drai	a.干的，干燥的	3			
duck	dʌk	n.鸭，雌鸭；鸭肉	3			
due	djuː	a.预期的；应给的	2			
dull	dʌl	a.枯燥的；不鲜明的	1			
dumb	dʌm	a.哑的；无言的	2			
dump	dʌmp	vt.倾卸，倾倒；倾销	1			
durable	ˈdjuərəbl	a.耐久的，耐用的	1	dur		
duration	djuəˈrei∫ən	n.持续，持久	1	dur		
during	ˈdjuəriŋ	prep.在…期间	3	dur		
dusk	dʌsk	n.薄暮，黄昏，幽暗	1			
dust	dʌst	n.尘土，灰尘	3			
duty	ˈdjuːti	n.职责；责任；税	3			
dwelling	ˈdweliŋ	n.住处，寓所	1			
dye	dai	vt.染 n.染料；染色	1			
dying	ˈdaiiŋ	a.垂死的；临终的	2			
dynamic	daiˈnæmik	a.有活力的；动力的	1	dynam		
each	iːt∫	pron.各，各自 a.各	3			
eager	ˈiːgə	a.渴望的，热切的	2			
eagle	ˈiːgl	n.鹰	3			
ear	iə	n.耳朵；听力，听觉	3			
early	ˈəːli	ad.早 a.早的，早期的	3			
earn	əːn	vt.赚得，挣得；获得	2			
earnest	ˈəːnist	a.认真的，诚恳的	1			
earth	əːθ	n.地球；陆地，地面	3			
earthquake	ˈəːθkweik	n.地震；大震荡	2			
ease	iːz	n.容易，舒适 vt.缓和	2			
easily	ˈiːzili	ad.容易地；舒适的	3			
east	iːst	n.东；东部 ad.在东方	3			
eastern	ˈiːstən	a.东方的；朝东的	3			
easy	ˈiːzi	a.容易的；安逸的	3			
eat	iːt	vt.吃，喝 vi.吃饭	3			
echo	ˈekəu	n.回声，反响 vi.重复	2			
economic	ˌiːkəˈnɔmik	a.经济的，经济学的	2	nom		
economical	ˌiːkəˈnɔmikəl	a.节约的;经济学的	1	nom		
economy	i(ː)ˈkɔnəmi	n.经济；节约，节省	2	nom		
edge	edʒ	n.边缘，边；刀口	3			
edition	iˈdi∫ən	n.版，版本，版次	2	don		
editor	ˈeditə	n.编辑，编者，校订者	2	don		
educate	ˈedju(ː)keit	vt.教育；培养；训练	3	duc		
education	ˌedju(ː)ˈkei∫ən	n.教育;训导;教育学	3	duc		
effect	iˈfekt	n.结果；效果，效力	2	fac		
effective	iˈfektiv	a.有效的；有影响的	1	fac		
efficiency	iˈfi∫ənsi	n.效率；功效，效能	1	fac		
efficient	iˈfi∫ənt	a.效率高的，有能力的	1	fac		
effort	ˈefət	n.努力；努力的成果	2	fort		
egg	eg	n.蛋，鸡蛋，卵	3			
eight	eit	num.八，八个，第八	3			
eighteen	ˈeiˈtiːn	num.十八，十八个	3			
eighth	eitθ	num.第八 n.八分之一	3			
eighty	ˈeiti	num.八十，八十个	3			
either	ˈaiðə(r)	pron.(两者)任何一个	3			
elaborate	iˈlæbərət	a.复杂的；精心制作的	1	labor		
elastic	iˈlæstik	n.松紧带 a.有弹性的	1			
elbow	ˈelbəu	n.肘，肘部；弯管	3			
elder	ˈeldə(r)	a.年龄较大的 n.长者	2			
elect	iˈlekt	vt.选举，推选；选择	2	lect		
election	iˈlek∫(ə)n	n.选举，选择权；当选	2	lect		
electric	iˈlektrik	a.电的，电动的	3			
electrical	iˈlektrik(ə)l	a.电的，电气科学的	2			
electricity	ilekˈtrisiti	n.电，电学；电流	2			
electron	iˈlektrɔn	n.电子	2			
electronic	ilekˈtrɔnik	a.电子的	2			
electronics	ilekˈtrɔniks	n.电子学	2			
element	ˈelimənt	n.成分；要素；元素	2			
elementary	ˌeliˈmentəri	a.基本的；初级的	2			
elephant	ˈelifənt	n.象	3			
elevator	ˈeliveitə	n.电梯；升降机	2	lev		
eleven	iˈlevən	num.十一，十一个	3			
eleventh	iˈlevnθ	num.第十一(个)	3			
eliminate	iˈlimineit	vt.消灭，消除，排除	2			
elimination	iˌlimiˈnei∫ən	n.消灭，排除，消除	2			
else	els	ad.其它，另外 a.别的	3			
elsewhere	ˈelsˈweə	ad.在别处，向别处	2			
embarrass	imˈbærəs	vt.使窘迫，使为难	1			
embrace	imˈbreis	vt.拥抱；包括；包围	1			
emerge	iˈməːdʒ	vi.出现，涌现；冒出	2	merg		
emergency	iˈməːdʒnsi	n.紧急情况，突然事件	2	merg		
emit	iˈmit	vt.散发；发射；发表	1	mit		
emotion	iˈməu∫ən	n.情感，感情；激动	2	mob		
emotional	iˈməu∫ənl	a.感情的，情绪的	2	mob		
emperor	ˈempərə	n.皇帝	1			
emphasis	ˈemfəsis	n.强调，重点，重要性	2			
emphasize	ˈemfəsaiz	vt.强调，着重	2			
empire	ˈempaiə	n.帝国	1			
employ	imˈplɔi	vi.雇用；用；使忙于	2	plic		
employee	ˌemplɔiˈiː	n.受雇者，雇员，雇工	2	plic		
employer	imˈplɔiə	n.雇佣者，雇主	2	plic		
employment	imˈplɔimənt	n.工业；雇/使用	2	plic		
empty	ˈempti	a.空的；空洞的	3			
enable	iˈneibl	vt.使能够，使可能	2			
enclose	inˈkləuz	vt.围住，圈起；附上	1	clud		
encounter	inˈkauntə	vt.遭遇，遇到 n.遭遇	1			
encourage	inˈkʌridʒ	vt.鼓励，支持，助长	2			
end	end	n.末端；目标 vt.结束	3			
ending	ˈendiŋ	n.结尾，结局；死亡	3			
endless	ˈendlis	a.无止境的	2			
endure	inˈdjuə	vt.忍受；容忍	1	dur		
enemy	ˈenimi	n.敌人；仇敌；敌兵	3			
energy	ˈenədʒi	n.活力；精力；能	3			
enforce	inˈfɔːs	vt.实施，执行；强制	1	fort		
engage	inˈgeidʒ	vt.使从事于；聘用	1			
engine	ˈendʒin	n.发动机，引擎；机车	3	gen		
engineer	ˌendʒiˈniə	n.工程师，技师	3	gen		
engineering	ˌendʒiˈniəriŋ	n.工程，工程学	3	gen		
England	ˈinglənd	n.英格兰；英国	3			
English	ˈiŋgli∫	n.英语 a.英国人的	3			
Englishman	ˈiŋgli∫mən	n.英国男子	3			
enjoy	inˈdʒɔi	vt.享受；欣赏，喜爱	3			
enlarge	inˈlɑːdʒ	vt.扩大，扩展；放大	1			
enormous	iˈnɔːməs	a.巨大的，庞大的	1			
enough	iˈnʌf	a.足够的 ad.足够地	3			
ensure	inˈ∫uər	vt.保证；保护；赋予	1			
enter	ˈentə	vt.走进，进入；参加	3			
entertain	ˌentəˈtein	vt.使欢乐；招待	1	tain		
enthusiasm	inˈθjuːziæzəm	n.热情/心，热忱	1			
enthusiastic	inθjuːziˈæstik	a.热情的，热心的	1			
entire	inˈtaiə	a.全部的，整个的	2			
entitle	inˈtaitl	vt.给…权利(或资格)	1			
entrance	inˈtrɑːns	n.入口，门口；进入	2			
entry	ˈentri	n.入口处；登记；进入	2			
envelope	ˈenviləup	n.信封；封套；封皮	2			
environment	inˈvaiərənmənt	n.环境，外界；围绕	2			
envy	ˈenvi	vt.&n.妒忌；羡慕	1	vid		
equal	ˈiːkwəl	a.相等的；平等的	2	equ		
equality	i(ː)ˈkwɔliti	n.等同，平等；相等	1	equ		
equation	iˈkwei∫ən	n.方程(式)；等式	1	equ		
equip	iˈkwip	vt.装备，配备	1			
equipment	iˈkwipmənt	n.装备，设备，配备	2			
equivalent	iˈkwivələnt	a.相等的；等量的	1	equ	equ,val	equ(相等)+val(价值)
era	ˈiərə	n.时代，年代；纪元	1			
erect	iˈrekt	vt.建造；使竖立	1	reg		
error	ˈerə	n.错误，谬误；差错	2	err		
escape	isˈkeip	vi.逃跑；逸出 n.逃跑	3			
especially	isˈpe∫əli	ad.特别，尤其，格外	2	spec		
essay	ˈesei	n.短文，散文，小品文	1			
essential	iˈsen∫əl	a.必要的，本质的	2			
establish	isˈtæbli∫	vt.建立，设立；确立	2	sist		
establishment	isˈtæbli∫mənt	n.建立,设/确立	1	sist		
estimate	ˈestimeit	vt.估计，评价 n.估计	2			
Europe	ˈjuərəp	n.欧洲	3			
European	ˌjuərəˈpi(ː)ən	a.欧洲的 n.欧洲人	3			
evaluate	iˈvæljueit	vt.评价，估…的价	1	val		
evaporate	iˈvæpəreit	vt.使蒸发 vi.蒸发	1			
eve	iːv	n.前夜，前夕，前一刻	1			
even	ˈiːvən	ad.甚至；甚至更，还	3			
evening	ˈiːvniŋ	n.傍晚，黄昏，晚上	3			
event	iˈvent	n.事件，大事；事变	2	ven		
eventually	iˈventjuəli	ad.终于；最后	2	ven		
ever	ˈevə	ad.在任何时候；曾经	3			
every	ˈevri	a.每一的；每隔…的	3			
everybody	ˈevribɔdi	pron.每人，人人	3			
everyday	ˈevridei	a.每天的，日常的	3			
everyone	ˈevriwʌn	pron.每人，人人	3			
everything	ˈevriθiŋ	pron.每件事，事事	3			
everywhere	ˈevriweə(r)	ad.到处，处处	3			
evidence	ˈevidəns	n.根据；证据，证人	2	vid		
evident	ˈevidənt	a.明显的，明白的	1	vid		
evil	ˈiːvl	n.邪恶；祸害 a.坏的	2			
evolution	evəˈluː∫ən	n.进化，演化；发展	1	volv		
evolve	iˈvɔlv	vt.使进化；使发展	1	volv		
exact	igˈzækt	a.确切的；精确的	2	act		
exactly	igˈzæktli	ad.确切地；恰恰正是	2	act		
exaggerate	igˈzædʒəreit	vt.&vi.夸大，夸张	1			
exam	igˈzæm	n.考试；检查，细查	3			
examination	igˌzæmiˈnei∫ən	n.考试；检/细查	2			
examine	igˈzæmin	vt.检查，仔细观察	2			
example	igˈzɑːmpl	n.例子，实例；模范	3			
exceed	ikˈsiːd	vt.超过，胜过；超出	1	ced		
exceedingly	ikˈsiːdiŋli	ad.极端地，非常	1	ced		
excellent	ˈeksələnt	a.优秀的，杰出的	2			
except	ikˈsept	prep.除…之外	2	cap		
exception	ikˈsep∫ən	n.例外，除外	2	cap		
excess	ˈekses	n.超越；过量；过度	1	ced		
excessive	ikˈsesiv	a.过多的，极度的	1	ced		
exchange	iksˈt∫eindʒ	vt.交换；交流 n.交换	2			
excite	ikˈsait	vt.使激动；引起	1	cit		
exciting	ikˈsaitiŋ	a.令人兴奋的	2	cit		
exclaim	iksˈkleim	vi.呼喊；惊叫	1	claim		
exclude	iksˈkluːd	vt.把…排除在外	1	clud		
exclusively	ikˈskluːsivli	ad.专门地	1	clud		
excursion	iksˈkəː∫ən	n.远足；短途旅行	1	cur		
excuse	iksˈkjuːz	vt.原谅；免除 n.借口	3			
execute	ˈeksikjuːt	vt.将…处死；实施	1	sequ		
executive	igˈzekjutiv	a.执行的 n.执行者	1	sequ		
exercise	ˈeksəsaiz	n.锻炼，训练 vi.练习	3			
exert	igˈzəːt	vt.尽(力)，运用	1			
exhaust	igˈzɔːst	vt.使筋疲力尽；用尽	1			
exhibit	igˈzibit	vt.显示；陈列，展览	1	hab		
exhibition	ˌeksiˈbi∫ən	n.展览，陈列；展览会	1	hab		
exist	igˈzist	vi.存在；生存，生活	1	sist		
existence	igˈzistəns	n.存在，实在；生存	1	sist		
exit	ˈeksit	n.出口；退场 vi.退出	2			
expand	iksˈpænd	vt.扩大；使膨胀	2			
expansion	iksˈpæn∫ən	n.扩大，扩充；扩张	1			
expect	iksˈpekt	vt.预料，预期；等待	2	spec		
expectation	ˌekspekˈtei∫ən	n.期待/望，预期	1	spec		
expense	ikˈspens	n.花费，消费；费用	1	pend		
expensive	iksˈpensiv	a.昂贵的，花钱多的	3	pend		
experience	iksˈpiəriəns	n.经验，感受；经历	3			
experiment	iksˈperimənt	n.实验；试验	2			
experimental	ikˈsperiment(ə)l	a.实/试验的	1			
expert	ˈekspəːt	n.专家 a.熟练的	2			
explain	iksˈplein	vt.解释；为…辩解	3			
explanation	ˌekspləˈnei∫ən	n.解释,说明;辩解	2			
explode	iksˈpləud	vt.使爆炸 vi.爆炸	2			
exploit	iksˈplɔit	vt.剥削；利用；开拓	1	plic		
explore	iksˈplɔː	vt.&vi.探险，探索	2			
explosion	iksˈpləuʒən	n.爆炸，爆发，炸裂	1			
explosive	iksˈpləusiv	n.炸药 a.爆炸的	1			
export	ˈekspɔːt	vt.输出，出口；运走	2	port		
expose	iksˈpəuz	vt.使暴露；揭露	1	pon		
exposure	iksˈpəuʒə	n.暴露；揭露；曝光	1	pon		
express	iksˈpres	vt.表示 n.快车，快递	2			
expression	iksˈpre∫ən	n.词句；表达；表情	2			
extend	iksˈtend	vt.延长；扩大；致	1	tend		
extension	iksˈten∫ən	n.延长部分；伸展	1	tend		
extensive	iksˈtensiv	a.广阔的；广泛的	1	tend		
extent	iksˈtent	n.广度；范围；程度	1	tend		
exterior	eksˈtiəriə	a.外部的；对外的	1			
external	eksˈtəːnl	a.外部的，外面的	1			
extra	ˈekstrə	a.额外的 ad.特别地	2			
extraordinary	ikˈstrɔːdəneri	a.非同寻常的，特别的	1	ord		
extreme	ikˈstriːm	a.极度的；尽头的	2			
extremely	iksˈtriːmli	ad.极端，极其，非常	2			
eye	ai	n.眼睛；眼力；鉴赏力	3			
eyesight	ˈaisait	n.视力，目力	2			
fable	ˈfeibl	n.寓言；虚构的故事	1			
fabric	ˈfæbrik	n.织物，纺织品；结构	1			
face	feis	n.脸；表面；外表	3			
facility	fəˈsiliti	n.设备；容易；便利	1	fac		
fact	fækt	n.事实；实际，实情	3	fac		
factor	ˈfæktə	n.因素；因子，系数	2	fac		
factory	ˈfæktəri	n.工厂，制造厂	3	fac		
faculty	ˈfækəlti	n.才能，能力；系，科	1	fac		
fade	feid	vi.褪色；逐渐消失	2			
Fahrenheit	ˈfærənhait	n.华氏温度计	2			
fail	feil	vi.失败；失灵；不能	3			
failure	ˈfeiljə	n.失败；失败的人	2			
faint	feint	a.微弱的；虚弱的	2			
fair	ˈfeə	n.定期集市；博览会	3			
fairly	ˈfeəli	ad.相当；公平地	2			
faith	feiθ	n.信任，信心；信仰	2	fid		
faithful	ˈfeiθful	a.忠诚的；如实的	2	fid		
fall	fɔːl	vi.落下；跌倒；陷落	3			
false	fɔːls	a.不真实的；伪造的	3			
fame	feim	n.名声，名望	2			
familiar	fəˈmiljə	a.熟悉的；冒昧的	2			
family	ˈfæmili	n.家，家庭；家族	3			
famine	ˈfæmin	n.饥荒；严重的缺乏	1			
famous	ˈfeiməs	a.著名的，出名的	3			
fan	fæn	n.(运动等)狂热爱好者	3			
fancy	ˈfænsi	n.想象力；设想；爱好	2			
far	fɑː	a.远的 ad.远，遥远	3			
fare	feə	n.车费，船费，票价	2			
farewell	ˈfeəˈwel	int.再会 n.告别	2			
farm	fɑːm	n.农场，农庄；饲养场	3			
farmer	ˈfɑːmə	n.农民，农夫；农场主	3			
farther	ˈfɑːðə	ad.更远地 a.更远的	3			
fashion	ˈfæ∫ən	n.样子，方式；风尚	2			
fashionable	ˈfæ∫ənəbl	a.流行的，时髦的	2			
fast	fɑːst	a.快的；偏快的 ad.快	3			
fasten	fæ sn	vt.扎牢，扣住	2			
fatal	ˈfeitl	a.致命的；命运的	2			
fate	feit	n.命运，天数	2			
father	ˈfɑːðə	n.父亲；神父；创始人	3			
father-in-law	ˈfɑːðərinlɔː	n.岳父；公公	2			
fatigue	fəˈtiːg	n.疲劳，劳累	1			
fault	fɔːlt	n.缺点；过失；故障	2			
faulty	ˈfɔːlti	a.有错误的，有缺点的	2			
favour	ˈfeivə	n.好感；赞同；恩惠	2			
favourable	ˈfeiərəbl	a.有利的；赞成的	2			
favourite	ˈfeivərit	a.特别受喜爱的	3			
fear	fiə	n.害怕；担心 vt.害怕	3			
fearful	ˈfiəful	a.害怕的，可怕的	2			
feasible	ˈfiːzəbl	a.可行的；可能的	1	fac		
feast	fiːst	n.盛宴，筵席；节日	2			
feather	ˈfeðə	n.羽毛；翎毛；羽状物	2			
feature	ˈfiːt∫ə	n.特征，特色；面貌	2			
February	ˈfebruəri	n.二月	3			
federal	ˈfedərəl	a.联邦的；联盟的	1			
fee	fiː	n.费，酬金；赏金	2			
feeble	ˈfiːbl	a.虚弱的；微弱的	2			
feed	fiːd	vt.喂(养) vi.吃饲料	3			
feedback	ˈfiːdbæk	n.回授，反馈，反应	2			
feel	fiːl	vi.有知觉 vt.触，摸	3			
feeling	ˈfiːliŋ	n.感情；感觉，知觉	3			
fellow	ˈfeləu	n.人，家伙；伙伴	2			
female	ˈfiːmeil	n.雌性的动物；女子	2			
fence	fens	n.栅栏	2			
fertile	ˈfəːtail	a.肥沃的；多产的	2	fer		
fertilizer	ˈfəːtiˌlaizə	n.肥料	2	fer		
festival	ˈfestəvəl	n.节日；音乐节	3			
fetch	fet∫	vt.拿来；请来，接去	2			
fever	ˈfiːvə	n.发热，发烧；狂热	2			
few	fjuː	a.很少的；少数的	3			
fibre	ˈfaibə	n.纤维，纤维质	1			
fiction	ˈfik∫ən	n.小说；虚构，杜撰	2			
field	fiːld	n.田野；田；运动场	3			
fierce	fiəs	a.凶猛的，狂热的	2			
fifteen	ˈfifˈtiːn	num.十五；十五个	3			
fifth	fifθ	num.第五 n.五分之一	3			
fifty	ˈfifti	num.五十，五十个	3			
fight	fait	vi.打(仗)；斗争	3			
figure	ˈfigə	n.数字；外形；人物	2			
file	fail	n.档案 vt.把…归档	2			
fill	fil	vt.装满，盛满；占满	3			
film	film	n.影片；胶卷；薄层	3			
filter	ˈfiltə	vt.过滤 n.滤纸	2			
final	ˈfainəl	a.最后的；决定性的	2	fin		
finally	ˈfainəli	ad.最后；不可更改的	2	fin		
finance	faiˈnæns	n.财政，金融；财源	2	fin		
financial	faiˈnæn∫əl	a.财政的，金融的	2	fin		
find	faind	vt.找到；发觉；找出	3			
finding	ˈfaindiŋ	n.发现；调查的结果	2			
fine	fain	a.美好的；纤细的	3	fin		
finger	ˈfiŋgə	n.手指；指状物	3			
finish	ˈfini∫	vt.完成，结束 n.结束	3	fin		
fire	ˈfaiə	n.火；火灾 vi.开火	3			
fireman	ˈfaiəmən	n.消防队员；司炉工	3			
firm	fəːm	n.商行，商号，公司	2	firm		
first	fəːst	num.第一 ad.最初	3			
fish	fi∫	n.鱼，鱼肉 vi.钓鱼	3			
fisherman	ˈfi∫əmən	n.渔民，渔夫，打鱼人	3			
fist	fist	n.拳(头)	2			
fit	fit	vt.适合；安装 vi.适合	3			
five	faiv	num.五，五个，第五	3			
fix	fiks	vt.使固定；决定	3			
flag	flæg	n.旗，旗帜；旗舰旗	2			
flame	fleim	n.火焰；光辉；热情	2			
flare	fleə	vi.闪耀 vt.使闪亮	1			
flash	flæ∫	n.闪光 vi.闪，闪烁	2			
flat	flæt	a.平的，扁平的	3			
flavour	ˈfleivə	n.味，味道；风味	2			
fleet	fliːt	n.舰队；船队，机群	1			
flesh	fle∫	n.肉，肌肉；肉体	2			
flexible	ˈfleksəbl	a.易弯曲的；灵活的	2	flect		
flight	flait	n.航班；飞行；逃跑	2			
float	fləut	vi.漂浮 vt.使漂浮	2			
flock	flɔk	n.羊群，群；大量	2			
flood	flʌd	n.洪水 vt.淹没	3			
floor	flɔə	n.地板；楼层	3			
flour	ˈflauə	n.面粉，粉；粉状物质	2	flor		
flourish	ˈflʌri∫	vi.繁荣，茂盛，兴旺	1	flor		
flow	fləu	vi.流动；飘垂；涨潮	2			
flower	ˈflauə	n.花，花卉；开花	3	flor		
flu	fluː	n.流行性感冒	2	flu		
fluent	ˈflu(ː)ənt	a.流利的，流畅的	2	flu		
fluid	ˈflu(ː)id	n.流体，液体	2	flu		
flush	flʌ∫	vi.奔流；(脸)发红	2			
fly	flai	n.蝇，苍蝇 vi.飞行	3			
focus	ˈfəukəs	vi.聚焦，注视 n.焦点	2			
fog	fɔg	n.雾；烟雾，尘雾	3			
fold	fəuld	vt.折叠；合拢 n.褶	3			
folk	fəuk	n.人们，家属，亲属	2			
follow	ˈfɔləu	vt.跟随；结果是	3			
following	ˈfɔləuiŋ	a.接着的；下列的	2			
fond	fɔnd	a.喜爱的；溺爱的	2			
food	fuːd	n.食物，食品，养料	3			
fool	fuːl	n.蠢人，傻子 vt.欺骗	3			
foolish	ˈfuːli∫	a.愚蠢的；鲁莽的	3			
foot	fut	n.脚；最下部；英尺	3			
football	ˈfutbɔːl	n.足球比赛；足球	3			
footstep	ˈfutstep	n.脚步；脚步声；足迹	2			
for	fɔː	prep.为；给；因为	3			
forbid	fəˈbid	vt.禁止，不许；阻止	2			
force	fɔːs	vt.强迫 n.力，力量	2	fort		
forecast	ˈfɔːkɑːst	n.预测，预报 vt.预示	2			
forehead	ˈfɔːhed	n.额头，前部	3			
foreign	ˈfɔrin	a.外国的；外来的	2			
foreigner	ˈfɔrinə	n.外国人	2			
foremost	ˈfɔːməust	a.最初的；第一流的	1			
forest	ˈfɔrist	n.森林；森林地带	3			
forever	fəˈrevə	ad.永远，总是，老是	3			
forget	fəˈget	vt.忘记，遗忘	3			
forgive	fəˈgiv	vt.原谅，饶恕，宽恕	2			
fork	fɔːk	n.餐叉；叉；分叉	3			
form	fɔːm	n.形式；形状 vt.形成	2	form		
formal	ˈfɔːməl	a.正式的；礼仪上的	2	form		
formation	fɔːˈmei∫ən	n.形成；构成；形成物	2	form		
former	ˈfɔːmə	a.在前的 n.前者	2	form		
formula	ˈfɔːmjulə	n.公式，式	2	form		
forth	fɔːθ	ad.向前；向外，往外	1			
fortnight	ˈfɔːtnait	n.两星期，十四天	1			
fortunate	ˈfɔːt∫ənit	a.幸运的，侥幸的	2			
fortunately	ˈfɔːt∫ənətli	ad.幸运地，幸亏	2			
fortune	ˈfɔːt∫ən	n.命运，运气；财产	2			
forty	ˈfɔːti	num.四十，第四十	3			
forward	ˈfɔːwəd	ad.向前；今后，往后	3			
found	faund	vt.创立，创办；建立	2	fund		
foundation	faunˈdei∫ən	n.基础；地基；基金	2	fund		
fountain	ˈfauntin	n.泉水，喷泉；源泉	2			
four	fɔː	num.四，四个，第四	3			
fourteen	ˈfɔːˈtiːn	num.十四，第十四	3			
fourth	fɔːθ	num.第四，四分之一	3			
fox	fɔːks	n.狐狸；狡猾的人	3			
fraction	ˈfræk∫ən	n.小部分；片断；分数	2	frag		
fragment	ˈfrægmənt	n.碎片，破片，碎块	2	frag		
frame	freim	n.框架，框子；构架	2			
framework	ˈfreimwəːk	n.框架，构架，结构	2			
France	frɑːns	n.法国，法兰西	3			
frank	fræŋk	a.坦白的，直率的	2			
free	friː	a.自由的；空闲的	3			
freedom	ˈfriːdəm	n.自由；自主	2			
freely	ˈfriːli	ad.自由地；直率地	2			
freeze	friːz	vi.冻；结冻 vt.使结冰	3			
freight	freit	n.货运；货物；运费	1			
French	frent∫	a.法国的 n.法国人	3			
frequency	ˈfriːkwənsi	n.屡次；次数；频率	2			
frequent	ˈfriːkwənt	a.时常发生的；经常的	2			
frequently	ˈfriːkwənt	ad.时常，常常	2			
fresh	fre∫	a.新的；新鲜的	2			
friction	ˈfrik∫ən	n.摩擦，摩擦力	1			
Friday	ˈfraidi	n.星期五	3			
fridge	fridʒ	n.电冰箱	3			
friend	frend	n.朋友，友人	3			
friendly	ˈfrendli	a.友好的，友谊的	3			
friendship	ˈfrend∫ip	n.友谊，友好	3			
frighten	ˈfraitn	vt.使惊恐，吓唬	2			
frog	frɔg	n.蛙	3			
from	frɔm	prep.从…来；离开	3			
front	frʌnt	a.前面的 n.前部	3			
frontier	ˈfrʌntjə	n.边境；边疆；新领域	1			
frost	frɔst	n.冰冻，严寒；霜	2			
frown	fraun	vi.皱眉，蹙额	2			
fruit	fruːt	n.水果；果实；成果	3			
fruitful	ˈfruːtful	a.多产的；肥沃的	2			
fry	frai	vt.油煎，油炸，油炒	3			
fuel	fjuəl	n.燃料 vt.给…加燃料	2			
fulfil	fulˈfil	vt.履行；满足；完成	2			
full	ful	a.满的；完全的	3			
fun	fʌn	n.乐趣，娱乐；玩笑	3			
function	ˈfʌŋk∫ən	n.功能；职务；函数	2			
fund	fʌnd	n.资金；基金；存款	1	fund		
fundamental	ˌfʌndəˈmentl	a.基础的，基本的	1	fund		
funeral	ˈfjuːnərəl	n.葬礼，丧礼，丧葬	2			
funny	ˈfʌni	a.古怪的；滑稽的	3			
fur	fəː	n.软毛；毛皮，裘皮	2			
furious	ˈfjuəriəs	a.狂怒的；狂暴的	1			
furnace	ˈfəːnis	n.炉子，熔炉；鼓风炉	1			
furnish	ˈfəːni∫	vt.供应，提供；装备	1			
furniture	ˈfəːnit∫ə	n.家具；装置，设备	2			
further	ˈfəːðə	ad.更远地 a.更远的	2			
furthermore	fəːðəˈmɔː(r)	ad.而且，此外	1			
future	ˈfjuːt∫ə	n.将来，未来；前途	2			
gain	gein	vt.获得；增加 n.增进	2			
gallery	ˈgæləri	n.长廊，游廊；画廊	1			
gallon	ˈgælən	n.加仑	1			
game	geim	n.游戏；比赛；猎物	3			
gang	gæŋ	n.一帮，一伙	2			
gap	gæp	n.缺口；间隔；差距	2			
garage	gə rɑː(d)ʒ	n.车库；加油站	2			
garbage	ˈgɑːbidʒ	n.垃圾，污物，废料	1			
garden	ˈgɑːdn	n.花园，菜园；公园	3			
gardener	ˈgɑːdnə(r)	n.园丁，花匠	2			
gas	gæs	n.煤气；气体；汽油	3			
gaseous	ˈgæsiəs	a.气体的，气态的	1			
gasoline	ˈgæsəliːn	n.(美)汽油	2			
gasp	gɑːsp	vi.气喘，喘息	1			
gate	geit	n.大门；篱笆门	3			
gather	ˈgæðə	vi.聚集；集合 vt.收集	3			
gauge	gedʒ	vt.量，测量 n.量器	1			
gay	gei	a.快乐的；鲜明的	2			
gaze	geiz	vi.凝视，盯，注视	2			
general	ˈdʒenərəl	a.总的；一般的 n.将军	2	gen		
generally	ˈdʒenərəli	ad.一般地；通常地	2	gen		
generate	ˈdʒenəˌreit	vt.发生；引起；生殖	1	gen		
generation	ˌdʒenəˈrei∫ən	n.一代(人)；产生	2	gen		
generator	ˈdʒenəreitə	n.发电机；发生者	1	gen		
generous	ˈdʒenərəs	a.慷慨的；宽厚的	2	gen		
genius	ˈdʒiːnjəs	n.天才，天赋，天资	1	gen		
gentle	ˈdʒentl	a.和蔼的；轻柔的	2			
gentleman	ˈdʒentlmən	n.绅士；有教养的人	2			
gently	ˈdʒentli	ad.有礼貌地；柔和地	2			
genuine	ˈdʒenjuin	a.真的；真正的	1	gen		
geography	dʒiˈɔgrəfi	n.地理，地理学	2	geo	geo,graph	geo(地球)+graph(写),地理学即描写地球
geometry	dʒiˈɔmitri	n.几何，几何学	2	geo	geo,meter	geo(土地)+meter(测量),几何源于丈量土地
germ	dʒəːm	n.微生物，细菌，幼芽	1			
German	ˈdʒəːmən	a.德国的 n.德国人	3			
Germany	ˈdʒəːməni	n.德意志，德国	3			
gesture	ˈdʒest∫ə	n.姿势，手势；姿态	1			
get	get	vi.变得，成为；到达	3			
ghost	gəust	n.鬼，灵魂；鬼魂	3			
giant	ˈdʒaiənt	n.巨人；巨物	2			
gift	gift	n.礼物，赠品；天赋	3			
girl	gəːl	n.女孩子，姑娘；女儿	3			
give	giv	vt.做，作；送给	3			
glad	glæd	a.高兴的；乐意的	3			
glance	glɑːns	vi.看一下 n.一瞥	2			
glare	gleə	vi.瞪眼 n.瞪眼	2			
glass	glɑːs	n.玻璃；玻璃杯	3			
glide	glaid	vi.滑动；消逝 n.滑行	1			
glimpse	glimps	vt.瞥见 n.一瞥，一看	1			
glitter	ˈglitə	vi.闪闪发光 n.闪光	1			
globe	gləub	n.地球，世界；地界仪	2			
gloomy	ˈgluːmi	a.黑暗的；令人沮丧的	1			
glorious	ˈglɔːriəs	a.光荣的；壮丽的	2			
glory	ˈglɔːri	n.光荣；荣誉的事	2			
glove	glʌv	n.手套	3			
glow	gləu	n.白热光 vi.发白热光	2			
glue	gluː	n.胶，胶水 vt.胶合	2			
go	gəu	vi.去；走；变为	3			
goal	gəul	n.球门；得分；目的	3			
goat	gəut	n.山羊	3			
God	gɔd	n.神，神像；上帝	3			
gold	gəuld	n.金；钱财 a.金制的	3			
golden	ˈgəuldən	a.金色的；极好的	3			
golf	gɔlf	n.高尔夫球	2			
good	gud	a.好的；有本事的	3			
goodbye	ˌgudˈbai	int.再见，再会	3			
goodness	ˈgudnis	n.优良，德性，仁慈	3			
goods	gudz	n.货物，商品	2			
goose	guːs	n.鹅，雌鹅	3			
govern	ˈgʌvən	vt.统治，治理；支配	1			
government	ˈgʌvənmənt	n.政府；治理；政治	2			
governor	ˈgʌvənə	n.州长；主管人员	1			
gown	gaun	n.长袍，长外衣	1			
grace	greis	n.优美，文雅；雅致	1	grat		
graceful	ˈgreisful	a.优美的，优雅的	1	grat		
gracious	ˈgrei∫əs	a.有礼貌的；仁慈的	1	grat		
grade	greid	vt.给…分等级 n.等级	2	grad		
gradual	ˈgrædjuəl	a.逐渐的；渐进的	1	grad		
gradually	ˈgrædjuəli	ad.逐渐地，逐步地	2	grad		
graduate	ˈgrædjueit	n.毕业生 vi.大学毕业	2	grad		
grain	grein	n.谷物，谷粒；颗粒	2			
gramme	græm	n.克(重量单位)	1			
grammar	ˈgræmə	n.语法；语法书	2	graph		
grammatical	grəˈmætikəl	a.语法上的	1	graph		
grand	grænd	a.宏伟的；重大的	2			
granddaughter	ˈgrændɔːtə(r)	n.孙女，外孙女	3			
grandfather	ˈgrændˌfɑːðə	n.祖父；外祖父	3			
grandmother	ˈgrændˌmʌðə	n.祖母，外祖母	3			
grandson	ˈgrændsʌn	n.孙子，外孙子	3			
grant	grɑːnt	n.授给物 vt.授予	1			
grape	greip	n.葡萄；葡萄藤	3			
graph	grɑːf	n.(曲线)图，图表	1	graph		
grasp	grɑːsp	vt.抓紧；掌握 n.抓	2			
grass	grɑːs	n.草；牧草；草地	3			
grateful	ˈgreitful	a.感激的；令人愉快的	2	grat		
gratitude	ˈgrætitjuːd	a.感激，感谢，感恩	1	grat		
grave	greiv	n.坟墓 a.严重的	2	grav		
gravity	ˈgræviti	n.重力，引力；严重性	1	grav		
gray	grei	a.灰色的 n.灰色	3			
great	greit	a.大的；伟大的	3			
greatly	ˈgreitli	ad.大大地，非常	3			
greedy	ˈgriːdi	a.贪吃的；贪婪的	2			
Greek	griːk	a.希腊的 n.希腊人	3			
green	griːn	a.绿色的 n.绿色	3			
greenhouse	ˈgriːnhaus	n.温室，玻璃暖房	3			
greet	griːt	vt.问候，招呼；反应	3			
greeting	ˈgriːtiŋ	n.问候，招呼，致敬	2			
grey	grei	a.灰色的 n.灰色	3			
grieve	griːv	vt.使悲痛 vi.悲痛	1			
grind	graind	vt.磨(碎)；磨快	2			
grip	grip	vt.握紧，抓牢 n.紧握	2			
groan	grəun	vi.哼，呻吟 n.呻吟	1			
grocer	ˈgrəusə	n.食品商；杂货商	1			
grocery	ˈgrəusəri	n.食品杂货店	1			
gross	grəus	a.总的；严重的	1			
ground	graund	n.地；场地；根据	3			
group	gruːp	n.小组，群 vi.聚集	3			
grow	grəu	vi.生长；变得；增长	3			
growth	grəuθ	n.增长；增长量；生长	2			
guarantee	ˌgærənˈtiː	n.保证；担保物	1			
guard	gɑːd	vt.守卫；看守 n.卫兵	2			
guess	ges	vt.&vi.&n.猜测，推测	3			
guest	gest	n.客人，宾客；旅客	3			
guidance	ˈgaidəns	n.引导，指导，领导	1			
guide	gaid	n.导游者 vt.给…导游	2			
guilty	ˈgilti	a.内疚的；有罪的	2			
gulf	gʌlf	n.海湾	1			
gum	gʌm	n.口香糖；树胶	2			
gun	gʌn	n.枪，炮，手枪	3			
gunpowder	ˈgʌnpaudə(r)	n.黑色火药；有烟火药	1			
gymnasium	dʒimˈneiziəm	n.体育馆，健身房	1			
habit	ˈhæbit	n.习惯；习性	2	hab		
habitual	həˈbitjuəl	a.习惯性的，惯常的	1	hab		
hair	heə	n.头发，毛发；毛	3			
haircut	ˈheəkʌt	n.理发	3			
half	hɑːf	n.半，一半 a.一半的	3			
hall	hɔːl	n.门厅；过道；会堂	3			
halt	hɔːlt	vi.停止；立定 n.停住	1			
hamburger	ˈhæmbəːgə	n.汉堡包，牛肉饼	3			
hammer	ˈhæmə	n.锤，榔头 vt.锤击	2			
hand	hænd	n.手；人手；指针	3			
handful	ˈhændful	n.一把；少数，一小撮	2			
handkerchief	ˈhæŋkət∫iːf	n.手帕	2			
handle	ˈhændl	n.柄，把手 vt.拿，触	2			
handsome	ˈhænsəm	a.英俊的；相当大的	2			
handwriting	ˈhændˌraitiŋ	n.笔迹，手迹，书法	2			
handy	ˈhændi	a.手边的；便于使用的	2			
hang	hæŋ	vt.挂，悬；吊死	3			
happen	ˈhæpən	vi.发生；碰巧，恰好	3			
happiness	ˈhæpinis	n.幸福，幸运；快乐	3			
happy	ˈhæpi	a.快乐的；幸福的	3			
harbour	ˈhɑːbə	n.海港，港口 vt.庇护	2			
hard	hɑːd	a.硬的；困难的	3			
harden	ˈhɑːdn	vt.使变硬 vi.变硬	2			
hardly	ˈhɑːdli	ad.几乎不，简直不	2			
hardship	ˈhɑːdˌ∫ip	n.艰难，困苦	2			
hardware	ˈhɑːdweə	n.五金器具；硬件	2			
hare	heə	n.野兔	2			
harm	hɑːm	n.伤害，损害 vt.损害	2			
harmful	ˈhɑːmful	a.有害的	2			
harmony	ˈhɑːməni	n.调合，协调，和谐	1			
harness	ˈhɑːnis	vt.治理 n.马具，挽具	1			
harsh	hɑː∫	a.严厉的；刺耳的	1			
harvest	ˈhɑːvist	n.收获，收成 vt.收割	2			
haste	heist	n.急速，急忙；草率	1			
hasten	ˈheisn	vt.催促 vi.赶紧	1			
hasty	ˈheisti	a.急速的；仓促的	2			
hat	hæt	n.帽子(一般指有边的)	3			
hatch	hæt∫	vt.孵出 vi.(蛋)孵化	1			
hate	heit	vt.恨，憎恨；不喜欢	3			
hateful	ˈheitful	a.可恨的，可恶的	2			
hatred	ˈheitrid	n.憎恶，憎恨，仇恨	1			
have	hæv	v.aux.已经 vt.有；吃	3			
hawk	hɔːk	n.鹰，隼	2			
hay	hei	n.干草	2			
hazard	ˈhæzəd	n.危险；公害	1			
he	hiː	pron.(主格)他	3			
head	hed	n.头；上端 vt.率领	3			
headache	ˈhedeik	n.头痛；头痛的事	3			
heading	ˈhediŋ	n.标题，题词，题名	2			
headline	ˈhedlain	n.大字标题；新闻提要	2			
headmaster	hedˈmɑːstə(r)	n.校长	2			
headquarters	ˈhedˌkwɔːtəz	n.司令部；总部	1			
heal	hiːl	vt.治愈；使和解	1			
health	helθ	n.健康，健康状况	3			
healthy	ˈhelθi	a.健康的；有益健康的	3			
heap	hiːp	n.(一)堆；大量	1			
hear	hiə	vt.听见；审讯；听说	3			
heart	hɑːt	n.心，内心；勇气	3			
heat	hiːt	n.热，炎热 vi.变热	3			
heating	ˈhiːtiŋ	n.加热，供暖	2			
heaven	ˈhevn	n.天堂；天，天空	2			
heavily	ˈhevili	ad.重重地；大量地	2			
heavy	ˈhiːvi	a.重的；大的；充满的	3			
hedge	hedʒ	n.篱笆，树篱；障碍物	1			
heel	hiːl	n.脚后跟，踵，后跟	1			
height	hait	n.高，高度；高处	2			
heir	eə	n.后嗣，继承人	1			
helicopter	ˈhelikɔptə	n.直升机	1			
hell	hel	n.地狱；极大的痛苦	2			
hello	ˈheləu	int.喂	3			
helmet	ˈhelmit	n.头盔，钢盔	1			
help	help	vt.帮助；援助 n.帮手	3			
helpful	ˈhelpful	a.给予帮助的；有用的	3			
helpless	ˈhelplis	a.无助的；无能的	2			
hen	hen	n.母鸡，雌禽	2			
hence	hens	ad.因此，所以；今后	1			
her	həː	pron.(宾格)她；她的	3			
herd	həːd	n.兽群，牧群 vt.放牧	1			
here	hiə	ad.这里；向这里	3			
hero	ˈhiərəu	n.男主角；英雄；勇士	2			
heroic	hiˈrəuik	a.英雄的；英勇的	1			
heroine	ˈherəuin	n.女主角；女英雄	1			
hers	həːz	pron.她的(所有物)	3			
herself	həːˈself	pron.她自己；她亲自	3			
hesitate	ˈheziteit	vi.犹豫，踌躇；含糊	1			
hi	hai	ini.嗨(表示问候等)	3			
hide	haid	vt.把…藏起来；隐瞒	3			
high	hai	a.高的；高级的 ad.高	3			
highly	ˈhaili	ad.高度地，很，非常	2			
highway	ˈhaiwei	n.公路；大路	3			
hill	hil	n.小山，山岗；丘陵	3			
hillside	ˈhilsaid	n.(小山)山腰，山坡	2			
him	him	pron.(宾格)他	3			
himself	himˈself	pron.他自己；他亲自	3			
hint	hint	n.暗示，示意；建议	1			
hire	ˈhaiə	vt.租借 n.租用，雇用	2			
his	hiz	pron.他的，他的东西	3			
historical	hisˈtɔrikəl	a.历史的，有关历史的	1			
history	ˈhistəri	n.历史；个人经历	2			
hit	hit	vt.打；碰撞 n.击	3			
hobby	ˈhɔbi	n.业余爱好，癖好	2			
hold	həuld	vt.拿住；掌握；拥有	3			
hole	həul	n.洞；孔眼，裂开处	3			
holiday	ˈhɔlidei	n.假日，节日；假期	3			
hollow	ˈhɔləu	a.空的；空洞的	1			
holy	ˈhəuli	a.神圣的；圣洁的	2			
home	həum	n.家；家乡 a.家庭的	3			
honest	ˈɔnist	a.诚实的；可敬的	2			
honesty	ˈɔnisti	n.诚实，正直	2			
honey	ˈhʌni	n.蜜，蜂蜜；甜，甜蜜	3			
honeymoon	ˈhʌnimuːn	n.蜜月	2			
honour	ˈɔnə	n.光荣；尊敬，敬意	2			
honourable	ˈɔnərəbl	a.诚实的；光荣的	1			
hook	huk	n.钩，挂钩 vt.钩住	2			
hope	həup	n.&vt.&vi.希望	3			
hopeful	ˈhəupful	a.有希望的	2			
hopeless	ˈhəuplis	a.没有希望的，绝望的	2			
horizon	həˈraizn	n.地平线；眼界，见识	1			
horizontal	ˌhɔriˈzɔntl	a.地平的；水平的	1			
horn	hɔːn	n.号角；警报器；角	2			
horror	ˈhɔrə	n.恐怖；战栗；憎恶	1			
horse	hɔːs	n.马；马科动物	3			
horsepower	ˈhɔːsˌpauə	n.马力	1			
hospital	ˈhɔspitl	n.医院	3	hosp		
host	həust	n.主人；东道主	2	hosp		
hostess	ˈhəustis	n.女主人；空姐	2	hosp		
hostile	ˈhɔstail	a.敌方的；不友善的	1			
hot	hɔt	a.热的；刺激的；辣的	3			
hotel	həuˈtel	n.旅馆	3	hosp		
hour	ˈauə	n.小时；时间，时刻	3			
house	haus	n.房屋，住宅；商号	3			
household	ˈhaushəuld	n.家庭，户；家务	2			
housewife	ˈhauswaif	n.家庭主妇	2			
how	hau	ad.怎么；怎样；多少	3			
however	hauˈevə	ad.然而；不管怎样	3			
huge	hjuːdʒ	a.巨大的，庞大的	3			
human	ˈhjuːmən	a.人的，人类的 n.人	2			
humble	ˈhʌmbl	a.谦逊的；地位低下的	1			
humid	ˈhjuːmid	a.湿的，湿气重的	1			
humorous	ˈhjuːmərəs	a.富于幽默的，诙谐的	1			
humour	ˈhjuːmə	n.幽默，诙谐，幽默感	1			
hundred	ˈhʌndrid	, num.百，百个 n.许多	3			
hunger	ˈhʌŋgə	n.饿，饥饿；渴望	3			
hungry	ˈhʌŋgri	a.饥饿的；渴望的	3			
hunt	hʌnt	n.打猎；搜寻 vt.追猎	2			
hurry	ˈhʌri	vi.赶紧 vt.催促	3			
hurt	həːt	vt.使受伤；使痛心	3			
husband	ˈhʌzbənd	n.丈夫	3			
hut	hʌt	n.小屋，棚屋	2			
hydrogen	ˈhaidrəudʒən	n.氢	2	hydr	hydr,gen	hydr(水)+gen(产生)，氢气燃烧后只生成水
I		pron.(主格)我	3			
ice	ais	n.冰，冰块 vt.冰镇	3			
ice-cream	ˈaiskriːm	n.冰淇淋	3			
idea	aiˈdiə	n.想法；思想；意见	3			
ideal	aiˈdiəl	a.理想的；观念的	2			
identical	aiˈdentikəl	a.完全相同的；同一的	1	ident		
identify	aiˈdentifai	vt.认出，识别，鉴定	1	ident		
idiom	ˈidiəm	n.习语，成语	2			
idle	ˈaidl	a.空闲的；懒散的	2			
i.e		. [ˈaiˈiː] (=that is)那就是，即	2			
if	if	conj.假如，如果	3			
ignorant	ˈignərənt	a.不知道的；无知的	1	cogn		
ignore	igˈnɔː	vt.不顾，不理，忽视	1	cogn		
ill	il	a.有病的；坏的 ad.坏	3			
illegal	iˈliːgəl	a.不合法的，非法的	1			
illness	ˈilnis	n.病，疾病	3			
illustrate	ˈiləstreit	vt.(用图等)说明	1	luc		
illustration	ˌiləsˈtrei∫ən	n.说明，图解；例证	2	luc		
image	ˈimidʒ	n.像；形象；映象	2			
imaginary	iˈmædʒinəri	a.想象中的，假想的	1			
imagination	iˌmædʒiˈnei∫ən	n.想象(力)；空想	2			
imagine	iˈmædʒin	vt.想象，设想；料想	2			
imitate	ˈimiteit	vt.模仿，仿效；仿制	1			
immediate	iˈmiːdjət	a.立即的；直接的	1	med		
immediately	iˈmiːdjətli	ad.立即；直接地	2	med		
immense	iˈmens	a.巨大的；极好的	1	meter		
immigrant	ˈimigrənt	n.移民 a.移民的	1	migr		
impact	ˈimpækt	n.影响，作用；冲击	1			
impatient	imˈpei∫ənt	a.不耐烦的，急躁的	2	pass		
implication	ˌimpliˈkei∫ən	n.含义，暗示，暗指	1	plic		
imply	imˈplai	vt.暗示，意指	1	plic		
import	imˈpɔːt	vt.&n.输入，进口	1	port		
importance	imˈpɔːtəns	n.重要；重要性	2	port		
important	imˈpɔːtənt	a.重要的；有势力的	2	port		
impose	imˈpəuz	vt.把…强加；征(税)	1	pon		
impossible	imˈpɔsəbl	a.不可能的，办不到的	2	pot		
impress	imˈpres	vt.给…深刻印象	1			
impression	imˈpre∫ən	n.印；印象；印记	1			
impressive	imˈpresiv	a.给人印象深刻的	2			
imprison	imˈprizn	vt.关押，监禁；限制	1	prehend		
improve	imˈpruːv	vt.使更好 vi.改善	3	prob		
improvement	imˈpruːvmənt	n.改进，改善；改进处	2	prob		
in	in	prep.在…里 ad.进，入	3			
inch	int∫	n.英寸	3			
incident	ˈinsidənt	n.发生的事；事件	2	cad		
incline	inˈklain	n.斜坡 vt.使倾斜	1			
include	inˈ kluːd	vt.包括，包含	3	clud		
income	ˈinkəm	n.收入；收益；进款	3			
incorrect	ˌinkəˈrekt	a.不正确的，错误的	3	reg		
increase	inˈkriːs	vt.&vi.&n.增加	3	creas		
increasingly	inˈkriːsiŋli	ad.日益，越来越多地	2	creas		
indeed	inˈdiːd	ad.真正地；确实	3			
indefinite	inˈdefinit	a.不明确的；不定的	1	fin		
independence	ˌindiˈpendəns	n.独立,自主/立	2	pend		
independent	indiˈpendənt	a.独立的;自主的	2	pend		
index	ˈindeks	n.索引；指数；指标	2	dic		
India	ˈindjə	n.印度	3			
Indian	ˈindjən	a.印度的 n.印度人	3			
indicate	ˈindikeit	vt.标示，表示；表明	2	dic		
indication	ˌindiˈkei∫ən	n.指示;表示；表明	1	dic		
indifferent	inˈdifərənt	a.冷漠的；不积极的	1	fer		
indignant	inˈdignənt	a.愤慨的，义愤的	1			
indirect	ˌindiˈrekt	a.间接的；不坦率的	2	reg		
indispensable	ˌindisˈpensəbl	a.必不可少的，必需的	1	pend		
individual	ˌindiˈvidjuəl	a.个别的；独特的	2			
indoors	ˈinˈdɔːz	ad.在室内，在屋里	3			
industrial	inˈdʌstriəl	a.工业的；产业的	2			
industrialize	inˈdʌstriəlaiz	vt.使工业化	1			
industry	ˈindəstri	n.工业，产业；勤劳	2			
inefficient	ˌiniˈfi∫ənt	a.效率低的，无能的	1	fac		
inevitable	inˈevitəbl	a.不可避免的，必然的	1			
inexpensive	ˌiniksˈpensiv	a.花费不多的,廉价的	2	pend		
infant	ˈinfənt	n.婴儿 a.婴儿的	1			
infect	inˈfekt	vt.传染；感染	2	fac		
infer	inˈfəː	vt.推论，推断；猜想	2	fer		
inferior	inˈfiəriə	a.下等的；劣等的	1			
infinite	ˈinfinit	a.无限的；无数的	1	fin		
influence	ˈinfluəns	n.影响；势力 vt.影响	2	flu		
influential	ˌinfluˈen∫əl	a.有影响的；有权势的	1	flu		
inform	inˈfɔːm	vt.通知，向…报告	2	form		
information	ˌinfəˈmei∫ən	n.消息，信息；通知	3	form		
inhabit	inˈhæbit	vt.居住于，栖息于	1	hab		
inhabitant	inˈhæbitənt	n.居民，住户	1	hab		
inherit	inˈherit	vt.继承(传统等)	1			
initial	iˈni∫əl	a.最初的；词首的	1			
injection	inˈdʒek∫ən	n.注射，注入；充满	1	ject		
injure	ˈindʒə	vt.伤害，损害，损伤	2	jud		
injury	ˈindʒəri	n.损害，伤害；受伤处	2	jud		
ink	iŋk	n.墨水，油墨	3			
inn	in	n.小旅店；小酒店	3			
inner	ˈinə	a.内部的；内心的	2			
innocent	ˈinəsnt	a.清白的，幼稚的	2			
input	ˈinput	n.输入；投入的资金	2			
inquire	inˈkwaiə	vt.打听，询问；调查	1	quir		
inquiry	inˈkwaiəri	n.询问，打听；调查	1	quir		
insect	ˈinsekt	n.昆虫，虫	2	sec		
insert	inˈsəːt	vt.插入; 嵌入; 登载	1			
inside	ˈinˈsaid	prep.在…里面 n.内部	3			
insist	inˈsist	vi.坚持；坚持要求	2	sist		
inspect	inˈspekt	vt.检查，审查；检阅	1	spec		
inspection	inˈspek∫ən	n.检查，审查；检阅	1	spec		
inspire	inˈspaiə	vt.鼓舞；给…以灵感	1	spir		
install	inˈstɔːl	vt.安装，设置	2			
installation	ˌinstəˈlei∫ən	n.安装；装置；设施	1			
instance	ˈinstəns	n.例子，实例，事例	1	sist		
instant	ˈinstənt	n.瞬间 a.立即的	2	sist		
instantly	ˈinstəntli	ad.立即，即刻	2	sist		
instead	inˈsted	ad.代替，顶替；反而	3			
instinct	ˈinstiŋkt	n.本能；直觉；生性	1			
institute	ˈinstitjuːt	n.研究所；学院	1	sist		
institution	ˌinstiˈtjuː∫ən	n.协会;制度，习俗	1	sist		
instruct	inˈstrʌkt	vt.教；指示；通知	2	stru		
instruction	inˈstrʌk∫ən	n.命令;教学；教训	1	stru		
instrument	ˈinstrumənt	n.仪器;工具；乐器	2	stru		
insufficient	ˌinsəˈfi∫ənt	a.不足的;不适当的	1	fac		
insult	ˈinsʌlt	vt.&n.侮辱，凌辱	2	sal		
insurance	inˈ∫uərəns	n.保险；保险费	1	cur		
insure	inˈ∫uə	vt.给…保险；确保	1	cur		
intellectual	ˌintiˈlektjuəl	n.知识分子 a.智力的	1	lect		
intelligence	inˈtelidʒəns	n.智力；理解力；情报	1	lect		
intelligent	inˈtelidʒənt	a.聪明的；理智的	2	lect		
intend	inˈtend	vt.想要，打算；意指	2	tend		
intense	inˈtens	a.强烈的；紧张的	1	tend		
intensity	inˈtensiti	n.强烈，剧烈；强度	1	tend		
intensive	inˈtensiv	a.加强的；精耕细作的	1	tend		
intention	inˈten∫ən	n.意图，意向，目的	2	tend		
intentional	inˈten∫ənəl	a.故意的，有意识的	1	tend		
interaction	ˌintərˈæk∫ən	n.相互作用；干扰	1	act		
interest	ˈintrist	n.兴趣；利益；利息	3			
interesting	ˈintristiŋ	a.有趣的，引人入胜的	3			
interfere	ˌintəˈfiə	vi.干涉，干预；妨碍	1	fer		
interference	ˌintəˈfiərəns	n.干涉,干预;阻碍	1	fer		
interior	inˈtiəriə	a.内的；内地的 n.内部	1			
intermediate	ˌintəˈmiːdjət	a.中间/级的	1	med		
internal	inˈtəːnl	a.内的；国内的	1			
international	ˌintə(ː)ˈnæ∫ənəl	a.国际的，世界(性)的	2	nat		
interpret	inˈtəːprit	vt.解释，说明；口译	1			
interpretation	inˌtəːpriˈtei∫ən	n.解释；口译	1			
interpreter	inˈtəːpritə	n.译员，口译者	1			
interrupt	ˌintəˈrʌpt	vt.打断，打扰；中止	2	rupt		
interruption	ˌintəˈrʌp∫ən	n.中断，打断；障碍物	1	rupt		
interval	ˈintəvəl	n.间隔；休息；间距	1			
interview	ˈintəvjuː	n.接见；会见；面谈	2	vid		
intimate	ˈintimit	a.亲密的；个人的	1			
into	ˈintu	prep.进，入；进入到	3			
introduce	ˌintrəˈdjuːs	vt.介绍；引进，传入	3	duc		
introduction	ˌintrəˈdʌk∫ən	n.介绍；引进；引言	2	duc		
invade	inˈveid	vt.入侵，侵略；侵袭	1	vad		
invasion	inˈveiʒən	n.入侵，侵略；侵犯	1	vad		
invent	inˈvent	vt.发明，创造；捏造	2	ven		
invention	inˈven∫ən	n.发明，创造；捏造	2	ven		
inventor	inˈventə(r)	n.发明者；发明家	2	ven		
invest	inˈvest	vt.投资；投入	2	vest		
investigate	inˈvestigeit	vt.&vi.调查	1			
investigation	inˌvestiˈgei∫ən	n.调查，调查研究	1			
investment	inˈvestmənt	n.投资(额)，投入	1	vest		
invisible	inˈvizəbl	a.看不见的，无形的	1	vid		
invitation	ˌinviˈtei∫ən	n.邀请，招待；请柬	2			
invite	inˈvait	vt.邀请，聘请；招待	2			
involve	inˈvɔlv	vt.使卷入；牵涉	1	volv		
inward	ˈinwəd	a.里面的 ad.向内	1			
iron	ˈaiən	n.铁；烙铁 vt.烫(衣)	3			
irregular	iˈregjulə	a.不规则的；不整齐的	1	reg		
island	ˈailənd	n.岛，岛屿	3			
isolate	ˈaisəleit	vt.使隔离，使孤立	1	sol		
issue	ˈisjuː	n.问题；发行 vt.发行	2			
it	it	pron.这，那，它	3			
Italian	iˈtæljən	a.意大利的 n.意大利人	3			
item	ˈaitəm	n.条，条款；一条	2			
its	its	pron.它的	3			
itself	itˈself	pron.它自己；自身	3			
jacket	ˈdʒækit	n.短上衣，茄克衫	3			
jail	dʒeil	n.监狱 vi.监禁	2			
jam	dʒæm	n.果酱	3			
January	ˈdʒænjuəri	n.一月	3			
Japan	dʒəˈpæn	n.日本，日本国	3			
Japanese	dʒæpəˈniːz	a.日本的 n.日本人	3			
jar	dʒɑː	n.罐子，坛子，广口瓶	3			
jaw	dʒɔː	n.颌，颚	3			
jazz	dʒæz	n.爵士音乐，爵士舞曲	3			
jealous	ˈdʒeləs	a.妒忌的；猜疑的	2			
jet	dʒet	n.喷气式飞机；喷嘴	3			
jewel	ˈdʒuːəl	n.宝石；宝石饰物	2			
jewish	ˈdʒu(ː)i∫	a.犹太人的	3			
job	dʒɔb	n.职业；工作；零活	3			
join	dʒɔin	vt.参加；连接	3	junct		
joint	dʒɔint	n.接头，接缝；关节	2	junct		
joke	dʒəuk	n.笑话 vi.说笑话	3			
jolly	ˈdʒɔli	a.快活的；令人高兴的	2			
journal	ˈdʒəːnl	n.日报，杂志；日志	1			
journalist	ˈdʒəːnəlist	n.记者，新闻工作者	1			
journey	ˈdʒəːni	n.旅行，旅程 n.旅行	2			
joy	dʒɔi	n.欢乐，喜悦；乐事	3			
joyful	ˈdʒɔiful	a.十分喜悦的，快乐的	2			
judge	dʒʌdʒ	n.法官；裁判员	2	jud		
judgement	ˈdʒʌdʒmənt	n.意见；审判；判断	2	jud		
juice	dʒuːs	n.(水果等)汁，液	3			
July	dʒu(ː)ˈlai	n.七月	3			
jump	dʒʌmp	vi.跳；暴涨 vt.跳过	3			
June	dʒuːn	n.六月	3			
jungle	ˈdʒʌŋgl	n.丛林，密林，莽丛	2			
junior	ˈdʒuːnjə	a.年少的 n.晚辈	2			
jury	ˈdʒuəri	n.陪审团；评奖团	1	jud		
just	dʒʌst	ad.刚才；只是；正好	3	jud		
justice	ˈdʒʌstis	n.正义，公正；司法	2	jud		
justify	ˈdʒʌstifai	vt.证明…是正当的	1	jud		
keen	kiːn	a.热心的；激烈的	2			
keep	kiːp	vi.保持；坚持	3			
keeper	ˈkiːpə	n.看护人；饲养员	3			
kettle	ˈketl	n.水壶，水锅	3			
key	kiː	n.钥匙；键；答案	3			
keyboard	ˈkiːbɔːd	n.键盘	3			
kick	kik	vi.&vt.&n.踢	3			
kid	kid	n.小孩，儿童，少年	3			
kill	kil	vi.杀死；扼杀；消磨	3			
kilogram	ˈkiləgræm	n.千克，公斤	3	graph		
kilometer	ˈkiləmiːtə	n.千米，公里	3	meter		
kind	kaind	n.种类	3			
kindness	ˈkaindnis	n.仁慈，好意	3			
king	kiŋ	n.国王，君主	3			
kingdom	ˈkiŋdəm	n.王国；领域，界	3			
kiss	kis	vt.吻 vi.接吻 n.吻	3			
kitchen	ˈkit∫in	n.厨房，灶间	3			
kite	kait	n.风筝	3			
knee	niː	n.膝，膝盖，膝关节	3			
kneel	niːl	vi.跪，跪下，跪着	3			
knife	naif	n.小刀，刀，餐刀	3			
knit	nit	vt.把…编结 vi.编织	3			
knob	nɔb	n.门把，拉手；旋纽	3			
knock	nɔk	vi.&vt.&n.敲，击，打	3			
knot	nɔt	n.(绳的)结，(树的)节	3			
know	nəu	vt.知道；认识；通晓	3			
knowledge	ˈnɔlidʒ	n.知识，学识；知道	3			
lab	læb	n.实验室，研究室	3			
label	ˈleibl	n.标签；标记，符号	2			
laboratory	ˈlæbərətəri	n.实验室，研究室	2	labor		
labour	ˈleibə(r)	n.劳动；工作；劳工	2	labor		
lace	leis	n.鞋带，系带；花边	2			
lack	læk	vi.&vi.&n.缺乏，不足	2			
ladder	ˈlædə	n.梯子，梯状物	3			
lady	ˈleidi	n.女士，夫人；贵妇人	3			
lag	læg	vi.走得慢 n.落后	1			
lake	leik	n.湖	3			
lamb	læm	n.羔羊，小羊；羔羊肉	3			
lame	leim	a.跛的；瘸的，残废的	1			
lamp	læmp	n.灯	3			
land	lænd	n.陆地；土地 vi.上岸	3			
landing	ˈlændiŋ	n.上岸，登陆，着陆	3			
landlady	ˈlændleidi	n.女房东；女地主	2			
landlord	ˈlændlɔːd	n.地主；房东，店主	3			
lane	lein	n.(乡间)小路；跑道	2			
language	ˈlæŋgwidʒ	n.语言，语言课程	2	lingu		
lantern	ˈlæntən	n.提灯，灯笼	2			
lap	læp	n.膝部；一圈	3			
large	lɑːdʒ	a.大的；巨大的	3			
largely	ˈlɑːdʒli	ad.大部分；大量地	3			
laser	ˈleizə	n.激光	2			
last	lɑːst	a.最后的 ad.最后	3			
late	leit	a.迟的 ad.迟，晚	3			
lately	ˈleitli	ad.最近，不久前	3			
later	ˈleitə	ad.后来；过一会儿	3			
Latin	ˈlætin	a.拉丁的 n.拉丁语	2			
latter	ˈlætə	a.(两者中)后者的	2			
laugh	lɑːf	vi.笑，发笑 n.笑	3			
laughter	ˈlɑːftə	n.笑，笑声	3			
launch	lɔːnt∫	vt.发射，投射；发动	2			
laundry	ˈlɔːndri	n.洗衣房，洗衣店	2			
lavatory	ˈlævəˌtəri	n.盥洗室，厕所	1			
law	lɔː	n.法律，法令；法则	3			
lawn	lɔːn	n.草地，草坪，草场	2			
lawyer	ˈlɔːjə	n.律师；法学家	3			
lay	lei	vt.置放；铺设；设置	3			
layer	ˈleiə	n.层，层次；铺设者	3			
layout	ˈleiˌaut	n.布局，安排，设计	2			
lazy	ˈleizi	a.懒惰的，懒散的	3			
lead	liːd	vt.为…带路；领导	3			
leader	ˈliːdə	n.领袖，领导人；首领	3			
leadership	ˈliːdə∫ip	n.领导	2			
leading	ˈliːdiŋ	a.指导的；最主要的	2			
leaf	liːf	n.叶，叶子	3			
league	liːg	n.同盟，联盟；联合会	2			
leak	liːk	vi.漏；泄露 n.漏洞	2			
lean	liːn	vi.倾斜，屈身；靠	2			
leap	liːp	vi.跳，跃 n.跳跃	2			
learn	ləːn	vi.&vt.学，学习	3			
learned	ˈləːnid	a.有学问的；学术上的	2			
learning	ˈləːniŋ	n.学习；学问，知识	3			
least	liːst	a.最少的 ad.最少	3			
leather	ˈleðə	n.皮革；皮革制品	3			
leave	liːv	vi.离去 vt.离开	3			
lecture	ˈlekt∫ə	n.&vi.演讲，讲课	2	lect		
left	left	a.左边的 ad.在左边	3			
leg	leg	n.腿，腿部	3			
legal	ˈliːgəl	a.法律的；合法的	2			
legend	ˈledʒənd	n.传说，传奇	2	lect		
leisure	ˈliːʒə	n.空闲时间；悠闲	2			
lemon	ˈlemən	n.柠檬，柠檬树	3			
lend	lend	vt.把…借给，贷(款)	3			
length	leŋθ	n.长，长度；一段	3			
lens	lenz	n.透镜，镜片；镜头	2			
less	les	a.更少的 ad.更少地	3			
lessen	ˈlesn	vt.减少，减轻；缩小	2			
lesson	ˈlesn	n.功课，课；课程	3	lect		
lest	lest	conj.惟恐，以免	1			
let	let	vt.允许，让；使	3			
letter	ˈletə	n.信；证书；字母	3	liter		
level	ˈlev(ə)l	n.水平面 a.水平的	3			
lever	ˈliːvə	n.杆，杠杆；控制杆	2	lev		
liable	ˈlaiəbl	a.易于…的；可能的	1			
liar	ˈlaiə	n.说谎的人	2			
liberal	ˈlibərəl	a.心胸宽大的；慷慨的	2	liber		
liberate	ˈlibəreit	vt.解放；释放	2	liber		
liberation	ˌlibəˈrei∫ən	n.解放	2	liber		
liberty	ˈlibəti	n.自由；释放；许可	2	liber		
librarian	laiˈbreəriən	n.图书馆馆长	2			
library	ˈlaibrəri	n.图书馆；藏书	3			
license	ˈlaisəns	n.许可；执照 vt.准许	2			
lick	lik	vt.舔；舔吃	3			
lid	lid	n.盖子，盖，囊盖	3			
lie	lai	vi.躺，平放；位于	3			
lieutenant	ljuːˈtenənt	n.陆军中尉；副职官员	1			
life	laif	n.生命；一生；寿命	3			
lifetime	ˈlaiftaim	n.一生，终身	3			
lift	lift	vt.提起，提高 n.电梯	3			
light	lait	n.光，光线；灯，光源	3			
lighten	ˈlaitn	vt.照亮，使明亮	3			
lightly	ˈlaitli	ad.轻轻地，轻松地	3			
lightning	ˈlaitniŋ	n.闪电，闪电放电	3			
like	laik	vt.喜欢；喜爱；希望	3			
likely	ˈlaikli	a.可能的 ad.很可能	3			
likewise	ˈlaikˌwaiz	ad.同样地；也，又	2			
limb	lim	n.肢，臂，翼；树枝	2			
lime	laim	n.石灰	1			
limit	ˈlimit	n.限度；限制；范围	2			
limitation	ˌlimiˈtei∫ən	n.限制；限度，局限	2			
limited	ˈlimitid	a.有限的	2			
line	lain	n.线；排；路线；线条	3			
linen	ˈlinin	n.亚麻布；亚麻织物	1			
liner	ˈlainə(r)	n.班船，班机	1			
link	liŋk	vt.有环连接 n.环	3			
lion	ˈlaiən	n.狮子；勇猛的人	3			
lip	lip	n.嘴唇	3			
liquid	ˈlikwid	n.液体 a.液体的	2			
liquor	ˈlikə	n.酒；溶液，液剂	1			
list	list	n.表，目录 n.列举	3			
listen	ˈlisn	vi.听，留神听；听从	3			
listener	ˈlisnə	n.听者，听众之一	3			
liter	ˈliːtə	n.升(容量单位)	2			
literary	ˈlitərəri	a.文学(上)的	2	liter		
literature	ˈlitərit∫ə	n.文学；文献	2	liter		
little	ˈlitl	a.小的；少；幼小的	3			
live	liv	vi.居住；活 a.活的	3			
lively	ˈlaivli	a.活泼的；逼真的	3			
liver	ˈlivə	n.肝；肝脏	3			
living	ˈliviŋ	a.活的 n.生活，生计	3			
living-room		n.起居室	3			
load	ləud	vt.装；装满 n.负载	2			
loaf	ləuf	n.一条面包，一个面包	2			
loan	ləun	n.贷款；暂借 vt.借出	2			
local	ˈləukəl	a.地方的；局部的	2	loc		
locate	ləuˈkeit	vt.探明，找出，查出	2	loc		
location	ləuˈkei∫ən	n.位置，场所	2	loc		
lock	lɔk	n.锁 vt.锁上，锁住	3			
locomotive	ˌləukəˈməutiv	n.火车头，机车	1	loc	loc,mob	loc(地方)+mob(移动)，从一地移到另一地
lodge	lɔdʒ	vi.暂住，借宿，投宿	1			
log	lɔg	n.原木，木料	2			
logic	ˈlɔdʒik	n.逻辑，推理；逻辑性	2	log		
logical	ˈlɔdʒikəl	a.逻辑的；符合逻辑的	2	log		
lonely	ˈləunli	a.孤独的；荒凉的	3			
long	lɔŋ	a.长的；远的 ad.长久	3			
look	luk	vi.看，显得 n.看	3			
loop	luːp	n.圈，环，环孔	2			
loose	luːs	a.松的；宽松的	3			
loosen	ˈluːsn	vt.解开；使松驰	2			
lord	lɔːd	n.贵族；上帝，基督	2			
lorry	ˈlɔri	n.运货汽车，卡车	2			
lose	luːz	vt.失去；迷失；输掉	3			
loss	lɔs	n.遗失；损失；失败	2			
lot	lɔt	n.许多，大量；签，阄	3			
loud	laud	a.响亮的；吵闹的	3			
loudspeaker	ˈlaudˈspiːkə	n.扬声器，喇叭	2			
love	lʌv	vt.爱，喜欢 n.爱	3			
lovely	ˈlʌvli	a.可爱的；令人愉快的	3			
lover	ˈlʌvə	n.爱好者；情人；情侣	3			
low	ləu	a.低的，矮的；低下的	3			
lower	ˈləuə	a.较低的 vt.放下	3			
loyal	ˈlɔiəl	a.忠诚的，忠心的	2			
loyalty	ˈlɔiəlti	n.忠诚，忠心	2			
luck	lʌk	n.运气；好运，幸运	3			
lucky	ˈlʌki	a.幸运的；吉祥的	3			
luggage	ˈlʌgidʒ	n.行李；皮箱，皮包	2			
lumber	ˈlʌmbə	n.木材；木料；制材	1			
lump	lʌmp	n.团，块；肿块	2			
lunch	lʌnt∫	n.午餐，(美)便餐	3			
lung	lʌŋ	n.肺脏，肺	3			
luxury	ˈlʌk∫əri	n.奢侈，奢华；奢侈品	2			
machine	məˈ∫iːn	n.机器；机械	3			
mad	mæd	a.发疯的；恼火的	3			
madam	ˈmædəm	n.夫人，女士，太太	3			
magazine	ˌmægəˈziːn	n.杂志，期刊	2			
magic	ˈmædʒik	n.魔法，巫术；戏法	3			
magnet	ˈmægnit	n.磁铁，磁石，磁体	2			
magnetic	mægˈnetik	a.磁的，有吸引力的	2			
magnificent	mægˈnifisnt	n.壮丽的；华丽的	1	magn	magn,fac	magn(大)+fac(做),做得巨大→壮丽
maid	meid	n.女佣，女仆；少女	2			
mail	meil	n.邮件 vt.邮寄	3			
main	mein	a.主要的，最重要的	3			
mainly	ˈmeinli	ad.主要地，大体上	3			
mainland	ˈmeinlənd,-lænd	n.大陆	2			
maintain	meinˈtein	vt.维持；赡养；维修	1	tain	man,tain	man(手)+tain(持),用手持住→维持
maintenance	ˈmeintinəns	n.维持，保持；维修	1	tain	man,tain	man(手)+tain(持),持住不放→保持
major	ˈmeidʒə	a.较大的 n.专业	2	magn		
majority	məˈdʒɔriti	n.多数，大多数	2	magn		
make	meik	vt.使；做，制造	3			
male	meil	a.男的，雄的 n.男子	2			
man	mæn	n.男人；人；人类	3			
manage	ˈmænidʒ	vt.管理；设法；对付	2	man		
management	ˈmænidʒmənt	n.管理；经营，处理	2	man		
manager	ˈmænidʒə	n.经理，管理人	3	man		
mankind	mænˈkaind	n.人类	2			
manly	ˈmænli	a.男子气概的，果断的	1			
manner	ˈmænə	n.方式；态度；礼貌	2			
manual	ˈmænjuəl	a.体力的 n.手册	1	man		
manufacture	ˌmænjuˈfækt∫ə	vt.制造 n.制造；产品	2	man	man,fac	man(手)+fac(做),用手做出→制造
manufacturer	ˌmænjuˈfækt∫ərə	n.制造商/厂	2	man	man,fac	man(手)+fac(做),制作的人
many	ˈmeni	a.许多的 pron.许多人	3			
map	mæp	n.地图；图；天体图	3			
marble	ˈmɑːbl	n.大理石	1			
March	mɑːt∫	n.三月	3			
margin	ˈmɑːdʒin	n.页边的空白；边缘	1			
marine	məˈriːn	a.海的；海上的	1	mar		
mark	mɑːk	n.斑点；记号 vt.标明	3			
market	ˈmɑːkit	n.市场；集市；销路	3			
marriage	ˈmæridʒ	n.结婚，婚姻；婚礼	2			
married	ˈmærid	a.已婚的；婚姻的	3			
marry	ˈmæri	vt.娶，嫁 vi.结婚	3			
marvelous	ˈmɑːvəl	a.奇迹般的；了不起的	2			
Marxism	ˈmɑːksiz(ə)m	n.马克思主义	2			
Marxist	ˈmɑːksist	a.马克思主义的	2			
mask	mɑːsk	n.面具；伪装 vt.掩饰	2			
mass	mæs	n.众多；团；群众	2			
master	ˈmɑːstə	n.主人；能手；硕士	3			
masterpiece	ˈmɑːstəpiːs	n.杰作，名著	1			
mat	mæt	n.席子；草席；垫子	2			
match	mæt∫	n.比赛，竞赛；对手	3			
mate	meit	n.伙伴，同事；配偶	2			
material	məˈtiəriəl	n.材料；素材 a.物质的	2			
materialism	məˈtiəriəlizəm	n.唯物主义	1			
mathematical	ˌmæθiˈmætikəl	a.数学(上)的	2			
mathematics	ˌmæθiˈmætiks	n.数学	3			
maths	mæθs	n.(英)数学	3			
matter	ˈmætə	n.事情；物质 vi.要紧	2			
mature	məˈtjuə	a.成熟的 vt.使成熟	1			
maximum	ˈmæksiməm	n.最大量 a.最大的	1	magn		
May	mei	n.五月	3			
maybe	ˈmeibi	ad.大概，或许；也许	3			
mayor	meə	n.市长	2	magn		
me	miː	pron.(宾格)我	3			
meadow	ˈmedəu	n.草地，牧草地	1			
meal	miːl	n.膳食，一餐	3			
mean	miːn	vt.作…解释；意指	3			
meaning	ˈmiːniŋ	n.意义，意思；意图	3			
means	miːnz	n.方法，手段，工具	2			
meantime	ˈmiːnˈtaim	n.其时/间 ad.当时	2			
meanwhile	ˈminhwail	ad.同时，当时	2			
measurable	ˈmeʒərəbl	a.可测量的	1			
measure	ˈmeʒə	vt.量，测量 n.分量	2			
measurement	ˈmeʒəmənt	n.衡量,测量；尺寸	2			
meat	miːt	n.肉	3			
mechanic	miˈkænik	n.技工，机械，机修工	1			
mechanical	miˈkænikl	a.机械的；力学的	2			
mechanically	miˈkænikəli	ad.机械地	1			
mechanics	miˈkæniks	n.力学；技术性细节	1			
medal	ˈmedl	n.奖章，勋章，纪念章	1			
medical	ˈmedikəl	a.医学的；内科的	2			
medicine	ˈmedisn	n.内服药；医学	2			
Mediterranean	meditəˈreiniən	n.地中海 a.地中海的	1	med	med,terr	med(中)+terr(土地),陆地中间的海
medium	ˈmiːdjəm	n.媒质；中间 a.中等的	1	med		
meet	miːt	vt.遇见 vi.相遇	3			
meeting	ˈmiːtiŋ	n.聚集，会合，会见	3			
melon	ˈmelən	n.瓜，甜瓜	3			
melt	melt	vi.融化 vt.使融化	2			
member	ˈmembə	n.成员，会员	2			
memorial	miˈmɔːriəl	a.纪念的；记忆的	1	memor		
memory	ˈmeməri	n.记忆；回忆；存储	2	memor		
mend	mend	vt.修理，修补，缝补	2			
mental	ˈmentl	a.智力的；精神的	2	ment		
mention	ˈmen∫ən	vt.&n.提及，说起	2	ment		
menu	ˈmenjuː	n.菜单；饭菜，菜肴	2			
merchant	ˈməːt∫ənt	n.商人；零售商	1			
mercury	ˈməːkjuri	n.水银，汞	1			
mercy	ˈməːsi	n.仁慈，慈悲，恩惠	1			
mere	miə	a.仅仅的；纯粹的	1			
merely	ˈmiəli	ad.仅仅，只不过	2			
merit	ˈmerit	n.长处，优点；功过	1			
merry	ˈmeri	a.欢乐的，愉快的	3			
mess	mes	n.混乱，混杂，肮脏	2			
message	ˈmesidʒ	n.信息，消息；启示	2	mit		
messenger	ˈmesindʒə	n.送信者，信使	1	mit		
metal	ˈmetl	n.金属，金属制品	2			
meter	ˈmiːtə	n.计量器，计，表	1	meter		
method	ˈmeθəd	n.方法，办法；教学法	2			
metre	ˈmiːtə	n.米，公尺	1	meter		
metric	ˈmetrik	a.公制的，米制的	1	meter		
microcomputer	ˈmaikrəukəmpjuːtə(r)	n.微型计算机，微机	1	micro		
microphone	ˈmaikrəfəun	n.话筒，麦克风	1	micro	micro,phon	micro(小)+phon(声音),放大微小声音
microscope	ˈmaikrəskəup	n.显微镜	1	micro	micro,scop	micro(小)+scop(看),看微小之物
midday	ˈmiddei	n.正午，中午	2			
middle	ˈmidl	n.中部 a.中部的	3			
midnight	ˈmidˌnait	n.午夜，子夜，夜半	3			
midst	ˈmidst	n.中部，中间，当中	1			
might	mait	v.aux.可能，会，也许	3			
mild	maild	a.和缓的；温柔的	2			
mile	mail	n.英里	2			
military	ˈmilitəri	a.军事的；军人的	1	milit		
milk	milk	n.乳，牛奶 vt.挤(奶)	3			
mill	mil	n.磨坊；制造厂	1			
millimetre	ˈmiliˌmiːtə(r)	n.毫米	1	meter		
million	ˈmiljən	num.百万 n.许多	3			
mind	maind	n.头脑；理智；记忆	3			
mine	main	pron.我的	3			
miner	ˈmainə	n.矿工	2			
mineral	ˈminərəl	n.矿物 a.矿物的	1			
minimum	ˈminiməm	n.最小量 a.最小的	1	min		
minister	ˈministə	n.部长，大臣；公使	1	min		
ministry	ˈministri	n.(政府的)部	1	min		
minor	ˈmainə	a.较小的；较次要的	1	min		
minority	maiˈnɔriti	n.少数；少数民族	1	min		
minus	ˈmainəs	a.负的 prep.减(去)	1	min		
minute	ˈminit	n.分，分钟；一会儿	3	min		
miracle	ˈmirəkl	n.奇迹，令人惊奇的人	1			
mirror	ˈmirə	n.镜子 vt.反映，反射	2			
miserable	ˈmizərəbl	a.痛苦的，悲惨的	1			
mislead	misˈliːd	vt.使误入岐途	1			
miss	mis	n.小姐	3			
missile	ˈmisail	n.发射物；导弹	1	mit		
missing	ˈmisiŋ	a.缺掉的，失去的	2			
mission	ˈmi∫ən	n.使命，任务；使团	2	mit		
mist	mist	n.薄雾	2			
mistake	misˈteik	n.错误 vi.误解，弄错	3			
Mister	ˈmistə	n.先生	3			
mistress	ˈmistris	n.女主人；夫人	1			
misunderstand	ˈmisʌndəˈstænd	vt.误解/会,曲解	2			
mix	miks	vt.使混合，混淆	3			
mixture	ˈmikst∫ə	n.混合；混合物	1			
moan	məun	n.呻吟声 vi.呻吟	1			
mobile	ˈməubail	a.运动的；流动的	1	mob		
mode	məud	n.方式，样式	2			
model	ˈmɔdl	n.模型；模式；模特儿	2			
moderate	ˈmɔdərit	a.温和的；有节制的	1			
modern	ˈmɔdən	a.现代的，近代的	2			
modest	ˈmɔdist	a.有节制的；谦虚的	1			
modify	ˈmɔdifai	vt.更改，修改；修饰	1			
moist	mɔist	a.湿润的；多雨的	1			
moisture	ˈmɔist∫ə	n.潮湿，湿气；温度	1			
molecule	ˈmɔlikjuːl	n.分子，克分子	1			
moment	ˈməumənt	n.片刻，瞬间，时刻	2	mob		
Monday	ˈmʌndei	n.星期一	3			
money	ˈmʌni	n.货币；金钱，财富	3			
monitor	ˈmɔnitə	n.班长；监视器	1	mon		
monkey	mʌŋki	n.猴子，猿	3			
month	mʌnθ	n.月，月份	3			
monthly	ˈmʌnθli	a.每月的 ad.每月	3			
monument	ˈmɔnjumənt	n.纪念碑；纪念馆	1	mon		
mood	muːd	n.心情，情绪；语气	2			
moon	muːn	n.月球，月亮；卫星	3			
moral	ˈmɔrəl	a.道德的；合乎道德的	1			
more	mɔː(r)	a.更多的 ad.更	3			
moreover	mɔːˈrəuvə	ad.再者，加之，此外	2			
morning	ˈmɔːniŋ	n.早晨，上午	3			
mortal	ˈmɔːtl	a.终有一死的；致死的	1	mor		
mosquito	məsˈkiːtəu	n.蚊子	1			
most	məust	a.最多的 ad.最，很	3			
mostly	ˈməustli	ad.主要的，大部分	2			
mother	ˈmʌðə	n.母亲，妈妈	3			
motion	ˈməu∫ən	n.运动；手势；提议	1	mob		
motivate	ˈməutiveit	vt.促动；激励，激发	1	mob		
motive	ˈməutiv	n.动机，目的	1	mob		
motor	ˈməutə	n.发动机；机动车	2	mob		
mould	məuld	n.模子，模型 vt.浇铸	1			
mount	maunt	vt.登上，爬上 n.…山	1			
mountain	ˈmauntin	n.山，山岳；山脉	2			
mourn	mɔːn	vi.哀痛，哀悼	1			
mouse	maus	n.鼠，耗子	3			
mouth	mauθ	n.嘴，口，口腔	3			
mouthful	ˈmauθˌful	n.满口，一口，少量	2			
move	muːv	vt.移动；感动 n.动	3	mob		
movement	ˈmuːvmənt	n.动作,活动;移动	2	mob		
movie	ˈmuːvi	n.电影；电影院	3			
much	mʌt∫	ad.非常，很 a.许多的	3			
mud	mʌd	n.软泥，泥浆	3			
muddy	ˈmʌdi	a.多泥的，泥泞的	2			
mug	mʌg	n.大杯	2			
multiple	ˈmʌltipl	a.复合的；并联的	1			
multiply	ˈmʌltipli	vt.使增加；乘	1			
murder	ˈməːdə	n.&vi.谋杀，凶杀	2			
murderer	ˈməːdərə(r)	n.杀人犯，凶手	2			
muscle	ˈmʌsl	n.肌肉，肌；体力	1			
museum	mju(ː)ˈziəm	n.博物馆；展览馆	1			
mushroom	ˈmʌ∫rum	n.蘑菇，菌类植物	2			
music	ˈmjuːzik	n.音乐，乐曲，乐谱	3			
musical	ˈmjuːzikəl	a.音乐的；和谐的	2			
musician	mjuːˈzi∫ən	n.音乐家；作曲家	2			
must	mʌst	v.aux.必须；必然要	3			
mute	mjuːt	a.缄默的 n.哑巴	1			
mutter	ˈmʌtə	vi.轻声低语；抱怨	1			
mutton	ˈmʌtn	n.羊肉	2			
mutual	ˈmjuːtjuəl	a.相互的；共同的	1			
my	mai	pron.我的	3			
myself	maiˈself	pron.我自己；我亲自	3			
mysterious	misˈtiəriəs	a.神秘的；难以理解的	1			
mystery	ˈmistəri	n.神秘；神秘的事物	1			
nail	neil	n.钉；指甲 vt.钉	3			
naked	ˈneikid	a.裸体的；无遮敝的	2			
name	neim	n.名字；名誉 vt.说出	3			
namely	ˈneimli	ad.即，也就是	2			
nap	næp	n.小睡，打盹，瞌睡	1			
narrow	ˈnærəu	a.狭的，狭窄的	3			
nasty	ˈnæsti	a.龌龊的；淫猥的	1			
nation	ˈnei∫(ə)n	n.民族；国家	2	nat		
national	ˈnæ∫ənəl	a.民族的；国家的	2	nat		
nationality	ˌnæ∫əˈnæliti	n.国籍；民族，族	2	nat		
native	ˈneitiv	a.本土的 n.本地人	2	nat		
natural	ˈnæt∫ərəl	a.自然界的；天然的	2	nat		
naturally	ˈnæt∫ərəli	ad.自然地；天然地	2	nat		
nature	ˈneit∫ə	n.大自然；本性；性质	2	nat		
naughty	ˈnɔːti	a.顽皮的，淘气的	2			
naval	ˈneivəl	n.海军的，军舰的	1	nav		
navigation	ˌnæviˈgei∫ən	n.航行;航海术;导航	1	nav		
navy	ˈneivi	n.海军	1	nav		
near	niə	ad.近，接近 a.近的	3			
nearby	ˈniəbai	a.附近的 ad.在附近	2			
nearly	ˈniəli	ad.差不多；密切地	3			
neat	niːt	a.整洁的；熟练的	2			
necessarily	nesiˈserili	ad.必然，必定	1	ced		
necessary	ˈnesəseri	a.必要的；必然的	1	ced		
necessity	niˈsesiti	n.必要性；必然性	1	ced		
neck	nek	n.颈，脖子	3			
necklace	ˈneklis	n.项链，项圈	2			
need	niːd	vt.需要 v.aux.需要	3			
needle	ˈniːdl	n.针，缝补，编织针	2			
needless	ˈniːdlis	a.不需要的	2			
negative	ˈnegətiv	a.否定的；消极的	1	neg		
neglect	niˈglekt	vt.忽视，忽略；疏忽	1	lect		
Negro	ˈniːgrəu	n.黑人	2			
neighbour	ˈneibə	n.邻居，邻国，邻人	3			
neighbourhood	ˈneibəhud	n.邻居关系；邻近	2			
neither	ˈniːðə	a.(两者)都不的	3			
nephew	ˈnevjuː	n.侄子，外甥	2			
nerve	nəːv	n.神经；勇敢，胆量	1	neur		
nervous	ˈnəːvəs	a.神经的；易激动的	2	neur		
nest	nest	n.巢，窝，穴	3			
net	net	n.网，网状物；通信网	3			
network	ˈnetwəːk	n.网状物；网络	2			
neutral	ˈnjuːtrəl	a.中立的；中性的	1			
never	ˈnevə	ad.永不，决不；不	3			
nevertheless	ˌnevəðəˈles	conj.然而 ad.仍然	2			
new	njuː	a.新的；新近出现的	3			
newly	ˈnjuːli	ad.新近，最近	2			
news	njuːz	n.新闻，消息	3			
newspaper	ˈnjuːspeipə	n.报纸，报	2			
next	nekst	a.紧接的；贴近的	3			
nice	nais	a.美好的，令人愉快的	3			
niece	niːs	n.侄女，外甥女	2			
night	nait	n.夜，夜间	3			
nine	nain	num.九，九个	3			
nineteen	ˈnainˈtiːn	num.十九，十九个	3			
ninety	ˈnainti	num.九十，九十个	3			
ninth	nainθ	num.第九；九分之一	3			
nitrogen	ˈnaitrədʒən	n.氮	1	gen		
no	nəu	ad.不；并不 a.没有	3			
noble	ˈnəub(ə)l	a.贵族的；高尚的	2			
nobody	ˈnəubədi	pron.谁也不；无人	3			
nod	nɔd	vt.点(头)；点头表示	3			
noise	nɔiz	n.喧闹声；响声；噪声	3			
noisy	ˈnɔizi	a.嘈杂的；喧闹的	2			
none	nʌn	pron.没有人 ad.毫不	3			
nonsense	ˈnɔnsəns	n.胡说，废话	2			
noon	nuːn	n.正午，中午	3			
nor	nɔː	conj.也不；不	3			
normal	ˈnɔːməl	a.正常的，普通的	2			
normally	ˈnɔːməli	ad.通常，正常地	2			
north	nɔːθ	n.北，北方 a.北方的	3			
northeast	ˈnɔːθˈiːst	n.东北 a.位于东北的	2			
northern	ˈnɔːðən	a.北方的，北部的	2			
northwest	ˈnɔːθˈwest	n.西北 a.位于西北的	2			
nose	nəuz	n.鼻子；突出部分	3			
not	nɔt	ad.不，没有	3			
note	nəut	n.笔记；便条；注释	2			
notebook	ˈnəutbuk	n.笔记本，期票簿	2			
nothing	ˈnʌθiŋ	n.没有东西 ad.毫不	3			
notice	ˈnəutis	vt.注意 n.通知；注意	2			
noticeable	ˈnəutisəbl	a.显而易见/重要的	2			
noun	naun	n.名词	2	nom		
novel	ˈnɔvəl	n.小说 a.新的	2	nov		
November	nəuˈvembə	n.十一月	2			
now	nau	ad.现在；立刻；于是	3			
nowadays	ˈnauədeiz	ad.现今，现在	2			
nowhere	ˈnəuhweə	ad.任何地方都不	2			
nuclear	ˈnjuːkliə	a.原子核的；核心的	1			
nucleus	ˈnjuːkliəs	n.核，核心；(原子)核	1			
nuisance	ˈnjuːsns	n.讨厌的东西	1			
number	ˈnʌmbə	n.数，数字；号码	2	numer		
numerous	ˈnjuːmərəs	a.为数众多的；许多	1	numer		
nurse	nəːs	n.保姆；护士 vt.看护	2	nutri		
nursery	ˈnəːsəri	n.托儿所；苗圃	2	nutri		
nut	nʌt	n.坚果，干果；螺母	3			
nylon	ˈnailən	n.尼龙，耐纶	1			
oak	əuk	n.栎属植物；栎木	2			
oar	ɔə	n.浆，橹	1			
obey	əuˈbei	vt.顺从 vi.服从	1	aud		
object	ˈɔbdʒikt	n.物，物体；目的	2	ject		
objection	əbˈdʒek∫ən	n.反对,异议;不喜欢	1	ject		
objective	əbˈdʒektiv	a.客观的；无偏见的	1	ject		
oblige	əˈblaidʒ	vt.迫使；施恩惠于	1			
observation	ˌəbzəːˈvei∫ən	n.注意；观察(力)	1	serv		
observe	əbˈzəːv	vt.遵守；看到；说	2	serv		
observer	əbˈzəːvə	n.观察员，观测者	2	serv		
obstacle	ˈɔbstəkl	n.障碍，障碍物，妨害	1	sist		
obtain	əbˈtein	vt.获得，得到，买到	1	tain		
obvious	ˈɔbviəs	a.明显的，显而易见的	1	vi		
obviously	ˈɔbviəsli	ad.明显地，显然地	1	vi		
occasion	əˈkeiʒən	n.场合，时刻；时机	1	cad		
occasional	əˈkeiʒənəl	a.偶然的；临时的	1	cad		
occasionally	əˈkeiʒənəli	ad.偶然;非经常地	1	cad		
occupation	ˌɔkjuˈpei∫ən	n.占领/据；职业	2	cap		
occupy	ˈɔkjupai	vt.占领；占，占有	2	cap		
occur	əˈkəː	vi.发生；出现，存在	1	cur		
occurrence	əˈkʌrəns	n.发生，出现；事件	1	cur		
ocean	ˈəu∫ən	n.海洋；洋	2			
Oceania	ˌəu∫iˈeiniə	n.大洋洲	1			
o		ˈclock [əˈklɔk] ad.…点钟	3			
October	ɔkˈtəubə	n.十月	2			
odd	ɔd	a.奇数的；单只的	2			
odour	ˈəudə	n.气味，香气；味道	1			
of	ɔːf	prep.…的；由于	3			
off	ɔːf	ad.(离)开；(停)止	3			
offend	əˈfend	vt.冒犯 vi.犯过错	1			
offer	ˈɔfə	vt.提供；提出 n.提供	2	fer		
office	ˈɔfis	n.办公室；处，局，社	2	fac		
officer	ˈɔfisə	n.官员；干事；军官	2	fac		
official	əˈfi∫əl	a.官员的；官方的	2	fac		
often	ˈɔːfn	ad.经常，常常	3			
oh	əu	int.嗬，哦，唉呀	3			
oil	ɔil	n.油；石油 vt.加油于	3			
okay	əuˈkei	(缩作 OK)a.&ad.对，好	3			
old	əuld	a.老的；…岁的	3			
omit	əuˈmit	vt.省略，省去；遗漏	1	mit		
on	ɔn	prep.在…上；在…旁	3			
once	wʌns	ad.一次；曾经 n.一次	3			
one	wʌn	num.一 pron.一个人	3			
oneself	wʌnˈself	pron.自己；亲自	3			
onion	ˈʌnjən	n.洋葱，洋葱头	1			
only	ˈəunli	ad.只，仅仅 a.唯一的	3			
onto	ˈɔntu	prep.到…上	3			
open	ˈəupən	a.开的；开放的 vt.开	2			
opening	ˈəupniŋ	a.开始的 n.开始	2			
opera	ˈɔpərə	n.歌剧	1	oper		
operate	ˈɔpəreit	vi.操作；施行手术	2	oper		
operation	ˌɔpəˈrei∫ən	n.操作；手术；运算	2	oper		
operational	ˌɔpəˈrei∫ənl	a.操作上的；可使用的	1	oper		
operator	ˈɔpəreitə	n.操作人员，接线员	1	oper		
opinion	əˈpinjən	n.意见，看法，主张	2	opt		
opponent	əˈpəunənt	n.对手,敌手;对抗者	1	pon		
opportunity	ˌɔpəˈtjuːniti	n.机会，良机	2	port		
oppose	əˈpəuz	vt.反对；反抗	2	pon		
opposite	ˈɔpəzit	a.对面的 n.对立物	2	pon		
oppress	əˈpres	vt.压迫，压制；压抑	1			
optical	ˈɔptikəl	a.眼的；光学的	1	opt		
optimistic	ˌɔptiˈmistik	a.乐观/乐观主义的	1	opt		
option	ˈɔp∫ən	n.选择，选择权	1	opt		
optional	ˈɔp∫ənəl	a.可以任意选择的	1	opt		
or	ɔː(r)	conj.或，或者；即	3			
oral	ˈɔːrəl	a.口头的；口的	1	ora		
orange	ˈɔrindʒ	n.橙(树)；柑(树)	3			
orbit	ˈɔːbit	n.运行轨道 vt.环绕	2			
orchestra	ˈɔːkistrə	n.管弦乐队	1			
order	ˈɔːdə(r)	n.次序；整齐 vt.命令	3	ord		
orderly	ˈɔːdəli	a.整洁的；有秩序的	1	ord		
ordinary	ˈɔːdinəri	a.平常的；平凡的	2	ord		
ore	ɔː(r)	n.矿，矿石，矿砂	1			
organ	ˈɔːgən	n.器官；机构；管风琴	2			
organic	ɔːˈgænik	a.有机体的；器官的	2			
organism	ˈɔːgənizəm	n.生物体；有机体	1			
organization	ˌɔːgənaiˈzei∫ən	n.组织;团体,机构	2			
organize	ˈɔːgənaiz	vt.组织，编组	2			
oriental	ˌɔ(ː)riˈentl	a.东方的；东方国家的	1			
origin	ˈɔridʒin	n.起源，由来；出身	2			
original	əˈridʒənəl	a.最初的；新颖的	2			
ornament	ˈɔːnəmənt	n.装饰物；装饰	1			
orphan	ˈɔːfən	n.孤儿	1			
other	ˈʌðə	a.另外的；其余的	3			
otherwise	ˈʌðəwaiz	ad.另外；要不然	3			
ought	ɔːt	v.aux.应当，应该	2			
ounce	auns	n.盎司，英两	1			
our	ˈauə	pron.我们的	3			
ours	ˈauəz	pron.我们的	3			
ourselves	ˌauəˈselvz	pron.我们自己	3			
out	aut	ad.出，在外；现出来	3			
outcome	ˈautkʌm	n.结果，后果，成果	3			
outdoor	ˈautdɔː	a.户外的，室外的	3			
outdoors	autˈdɔːz	ad.在户外，在野外	2			
outer	ˈautə	a.外部的，外面的	3			
outlet	ˈautlet	n.出口，出路；排遣	1			
outline	ˈautlain	n.轮廓；略图；大纲	2			
outlook	ˈautluk	n.观点，看法；展望	2			
output	ˈautput	n.产量；输出量；输出	2			
outset	ˈautset	n.开始，开端	1			
outside	ˈautˈsaid	n.外部；外表 a.外部的	3			
outskirt	ˈautskəːt	n.外边，郊区	1			
outstanding	autˈstændiŋ	a.突出的，杰出的	2			
outward	ˈautwəd	a.外面的；向外的	3			
outwards	ˈautwədz	ad.向外，往海外	2			
oven	ˈʌvən	n.炉，灶；烘箱	2			
over	ˈəuvə	prep.在…上方；超过	3			
overall	ˈəuvərɔːl	n.工装裤 a.全面的	2			
overcoat	ˈəuvəkəut	n.外衣，大衣	1			
overcome	ˌəuvəˈkʌm	vt.战胜，克服	2			
overhead	ˈəuvəhed	a.在头顶上的；架空的	1			
overlook	ˌəuvəˈluk	vt.眺望；看漏；放任	1			
overnight	ˈəuvəˈnait	ad.一夜；突然	1			
overseas	ˈəuvəˈsiːz	ad.海外 a.在海外的	1			
overtake	ˈəuvəˈteik	vt.追上，赶上；压倒	1			
overtime	ˈəuvətaim	a.超时的，加班的	1			
owe	əu	vt.欠；应把…归功于	2			
owl	aul	n.猫头鹰，枭	1			
own	əun	a.自己的 vt.有，拥有	3			
owner	ˈəunə	n.物主，所有人	3			
ownership	ˈəunə∫ip	n.所有(权)，所有制	1			
ox	ɔks	n.牛；公牛，阉牛	1			
pace	peis	n.步，步速 vi.踱步	2			
pacific	pəˈsifik	a.和平的 n.太平洋	1	pac		
pack	pæk	vt.捆扎；挤满 n.包	3			
package	ˈpækidʒ	n.包裹，包，捆	2			
packet	ˈpækit	n.小包(裹)，小捆	1			
pad	pæd	n.垫；本子 vt.填塞	2			
page	peidʒ	n.页	3			
pail	peil	n.桶，提桶	1			
pain	pein	n.痛，疼痛；辛苦	2			
painful	ˈpeinful	a.使痛的；费力的	2			
paint	peint	vt.画；油漆 vi.绘画	3			
painter	ˈpeintə	n.漆工，画家，绘画者	3			
painting	ˈpeintiŋ	n.油画；绘画；着色	3			
pair	peə	n.一对 vi.成对，配对	3			
palace	ˈpælis	n.宫，宫殿	3			
pale	peil	a.苍白的；浅的	2			
palm	pɑːm	n.手掌，手心；掌状物	2			
pan	pæn	n.平底锅，盘子	1			
panda	ˈpændə	n.小猫熊；猫熊	2			
pane	pein	n.窗格玻璃	1			
panel	ˈpænl	n.专门小组；面，板	1			
pant	pænt	n.气喘；心跳	1			
paper	ˈpeipə	n.纸；官方文件；文章	3			
parade	pəˈreid	n.游行；检阅 vi.游行	1			
paradise	ˈpærədaiz	n.伊甸乐园；天堂	1			
paragraph	ˈpærəgrɑːf	n.(文章的)段，节	2	graph		
parallel	ˈpærəlel	a.平行的；相同的	2	par	par,alter	par(并列)+alter(其他)，彼此并列相似
parcel	ˈpɑːsl	n.包裹，小包，邮包	1	part		
pardon	ˈpɑːdn	n.原谅；赦免 vt.原谅	1	don		
parent	ˈpeərənt	n.父亲，母亲，双亲	2	par		
park	pɑːk	n.公园；停车场	3			
parliament	ˈpɑːləmənt	n.议会，国会	1	par		
part	pɑːt	n.一部分；零件；本份	3	part		
partial	ˈpɑː∫əl	a.部分的；不公平的	2	part		
partially	ˈpɑː∫əli	ad.部分地	1	part		
participate	pɑːˈtisipeit	vi.参与/加；分享	1	cap	part,cap	part(部分)+cip(拿)，拿一份即参与
particle	ˈpɑːtikl	n.粒子，微粒	1	part		
particular	pəˈtikjulə	a.特殊的；特定的	2	part		
particularly	pəˈtikjuləli	ad.特别,尤其,格外	2	part		
partly	ˈpɑːtli	ad.部分地，不完全地	2	part		
partner	ˈpɑːtnə	n.伙伴；搭挡；配偶	2	part		
party	ˈpɑːti	n.党，党派；聚会	2	part		
pass	pɑːs	vt.经过；通过；度过	3			
passage	ˈpæsidʒ	n.通过；通路，通道	2			
passenger	ˈpæsindʒə	n.乘客,旅客,过路人	1			
passion	ˈpæ∫ən	n.激情，热情；爱好	2	pass		
passive	ˈpæsiv	a.被动的；消极的	1	pass		
passport	ˈpɑːspɔːt	n.护照	1	port	pass,port	pass(通过)+port(港口)，过港凭证
past	pɑːst	a.过去的 n.过去	3			
paste	peist	n.糊，酱；浆湖	1			
pastime	ˈpɑːstaim	n.消遣，娱乐	1			
pat	pæt	n.&vt.&n.轻拍	2			
patch	pæt∫	n.补钉；碎片 vt.补缀	1			
path	pɑːθ	n.路，小道；道路	3	pass		
patience	ˈpei∫əns	n.忍耐，容忍，耐心	1	pass		
patient	ˈpei∫ənt	a.忍耐的 n.病人	2	pass		
pattern	ˈpætən	n.型，式样，模，模型	2	pater		
pause	pɔːz	n.&vi.中止，暂停	2			
pave	peiv	vt.铺，筑(路等)	1			
pavement	ˈpeivmənt	n.(英)人行道	1			
paw	pɔː	n.脚爪，爪子	1			
pay	pei	vt.支付；付给；给予	3			
payment	ˈpeimənt	n.支付，支付的款项	2			
pea	piː	n.豌豆；豌豆属植物	2			
peace	piːs	n.和平；和睦；平静	2	pac		
peaceful	ˈpiːsful	a.和平的；安静的	2	pac		
peach	piːt∫	n.桃子，桃树	1			
peak	piːk	n.山顶，巅 a.最高的	2			
pear	peə	n.梨子，梨树	2			
pearl	pəːl	n.珍珠；珍珠母	1			
peasant	ˈpezənt	n.农民	1			
pebble	ˈpebl	n.卵石，细砾	1			
peculiar	piˈkjuːljə	a.特有的；特别的	1			
peel	piːl	vt.剥(皮)，削(皮)	2			
peep	piːp	vi.(从缝隙中)偷看	1			
pen	pen	n.钢笔，自来水笔	3			
pencil	ˈpensl	n.铅笔	3			
penetrate	ˈpenitreit	vt.穿过 vi.穿入	1	pen		
peninsula	piˈninsjulə	n.半岛	1	pen		
penny	ˈpeni	n.(英)便士；(美)分	1			
pension	ˈpen∫ən	n.抚恤金，年金	1	pend		
people	ˈpiːpl	n.人民，民族；人	3	popul		
pepper	ˈpepə	n.胡椒，胡椒粉	2			
per	pəː	prep.每	2			
perceive	pəˈsiːv	vt.察觉，发觉；理解	1	cap		
percent	pəˈsent	n.百分之…	2	cent		
percentage	pəˈsentidʒ	n.百分比，百分率	2	cent		
perfect	ˈpəːfikt	a.完美的；完全的	2	fac		
perfectly	ˈpəːfiktli	ad.很，完全	2	fac		
perform	pəˈfɔːm	vt.履行，执行；演出	2	form		
performance	pəˈfɔːməns	n.履行；演出；行为	2	form		
perfume	ˈpəːfjuːm	n.香味，芳香；香料	2			
perhaps	pəˈhæps	ad.也许，可能，多半	3			
period	ˈpiəriəd	n.时期；学时；句号	2			
permanent	ˈpəːmənənt	a.永久的，持久的	2			
permanently	ˈpəːməntli	ad.永久/持久地	2			
permission	pə(ː)ˈmi∫ən	n.允许，许可，同意	2	mit		
permit	pə(ː)ˈmit	vt.允许 n.执照	2	mit		
persist	pə(ː)ˈsist	vi.坚持，固执；持续	2	sist		
person	ˈpəːsn	n.人；人身；本人	3			
personal	ˈpəːsənl	a.个人的；本人的	2			
personnel	ˌpəːsəˈnel	n.全体人员，全体职员	1			
perspective	pəˈspektiv	n.透视;远景;观点	1	spec		
persuade	pəˈsweid	vt.说服 vi.被说服	2			
pessimistic	ˌpesiˈmistik	a.悲观的；厌世的	1			
pet	pet	n.爱畜；宠儿 a.宠爱的	3			
petrol	ˈpetrəl	n.(英)汽油	2			
petroleum	piˈtrəuliəm	n.石油	1			
phase	feiz	n.阶段；方面；相位	2			
phenomenon	fiˈnɔminən	n.现象	1			
philosopher	fiˈlɔsəfə	n.哲学家	1	phil	phil,soph	phil(爱)+soph(智慧)
philosophy	fiˈlɔsəfi	n.哲学；哲理；人生观	1	phil	phil,soph	phil(爱)+soph(智慧)
phone	fəun	n.电话，电话机；耳机	2	phon		
photograph	ˈfəutəgrɑːf;(US)-græf	n.照/相片	2	photo	photo,graph	photo(光)+graph(写)，用光写下的图
photographic	fəutəˈgræfik	a.摄影的，摄影用的	2	photo	photo,graph	photo(光)+graph(写)
phrase	freiz	n.短语；习惯用语	2			
physical	ˈfizikəl	a.物质的；物理的	2			
physician	fiˈzi∫ən	n.医生，内科医生	1			
physicist	ˈfizisist	n.物理学家	2			
physics	ˈfiziks	n.物理学	2			
piano	piˈænəu	n.钢琴	2			
pick	pik	n.镐，鹤嘴锄	3			
picnic	ˈpiknik	n.郊游，野餐 vi.野餐	2			
picture	ˈpikt∫ə	n.画，图片 vt.画	3			
pie	pai	n.(西点)馅饼	3			
piece	piːs	n.碎片，块 vt.拼合	3			
pierce	piəs	vt.剌穿 vi.穿入	2			
pig	pig	n.猪，小猪，野猪	3			
pigeon	ˈpidʒin	n.鸽子	2			
pile	pail	n.堆 vt.堆叠，累积	2			
pill	pil	n.药丸，丸剂	2			
pillar	ˈpilə	n.柱，柱子；栋梁	2			
pillow	ˈpiləu	n.枕头	3			
pilot	ˈpailət	n.领航员；飞行员	2			
pin	pin	n.针，饰针 n.别住	3			
pinch	pint∫	vt.捏，拧，掐掉	2			
pine	pain	n.松树，松木	2			
pink	piŋk	n.粉红色 a.粉红色的	3			
pint	paint	n.品脱	2			
pioneer	ˌpaiəˈniə	n.拓荒者；先驱者	2			
pipe	paip	n.管子，导管；烟斗	3			
pipeline	ˈpaipˌlain	n.管道，管线	2			
pistol	ˈpistl	n.手枪	2			
pit	pit	n.坑，地坑；煤矿	3			
pitch	pit∫	n.沥青	2			
pity	ˈpiti	n.怜悯；遗憾 vt.同情	2			
place	pleis	n.地方，地点；住所	3			
plain	plein	n.平原 a.清楚的	2			
plan	plæn	n.&vt.计划，打算	3			
plane	plein	n.平面；飞机	2			
planet	ˈplænit	n.行星	2			
plant	plɑːnt	n.植物；工厂 vt.栽种	3			
plantation	plænˈtei∫ən	n.种植园；栽植	1			
plaster	ˈplɑːstə	n.灰泥；硬膏；熟石膏	1			
plastic	plɑːstik	a.可塑的 n.塑料	2			
plate	pleit	n.板，片，盘 vt.电镀	2			
platform	ˈplætfɔːm	n.平台；站台；讲台	2	form		
play	plei	vi.玩，游戏；演奏	3			
player	ˈpleiə	n.游戏的人；比赛者	3			
playground	ˈpleiraund	n.操场，运动场	3			
pleasant	ˈplezənt	a.令人愉快的，舒适的	2	plac		
please	pliːz	vt.使高兴，请 vi.满意	3	plac		
pleasure	ˈpleʒə	n.愉快，快乐；乐事	2	plac		
plentiful	ˈplentiful	a.丰富的，富裕的	2	ple		
plenty	ˈplenti	n.丰富，充足，大量	2	ple		
plot	plɔt	n.小块土地 vt.密谋	2			
plough	plau	n.犁 vt.&vi.犁，耕	2			
pluck	plʌk	vt.采，摘；拉下 n.拉	1			
plug	plʌg	n.塞子；插头 vt.塞	2			
plunge	plʌndʒ	vt.使投入；使陷入	1			
plural	ˈpluərəl	a.复数的 n.复数	2			
plus	plʌs	prep.加，加上 a.正的	3			
P.M		. n.下午，午后	3			
pocket	ˈpɔkit	n.衣袋 n.袖珍的	3			
poem	ˈpəuim	n.诗，韵文，诗体文	2			
poet	ˈpəuit	n.诗人	2			
poetry	ˈpəuitri	n.诗，诗歌，诗作	2			
point	pɔint	n.点；要点；细目；分	3	punct		
poison	ˈpɔizn	n.毒，毒药 vt.毒害	2			
poisonous	ˈpɔiznəs	a.有毒的，有害的	2			
pole	pəul	n.杆，柱	2			
police	pəˈliːs	n.警察；警察当局	2			
policeman	pəˈliːsmən	n.警察	3			
policy	ˈpɔlisi	n.政策，方针	2	polit		
polish	ˈpɔli∫	vt.磨光；使优美	2			
polite	pəˈlait	a.有礼貌的；有教养的	2			
political	pəˈlitikəl	a.政治的，政治上的	2	polit		
politician	pɔliˈti∫ən	n.政治家；政客	1	polit		
politics	ˈpɔlitiks	n.政治，政治学；政纲	2	polit		
pollute	pəˈluːt	vt.弄脏，污染，沾污	2			
pollution	pəˈluː∫(ə)n	n.污染	2			
pond	pɔnd	n.池塘	3			
pool	puːl	n.水塘，游泳池，水池	3			
poor	puə	a.贫穷的；贫乏的	3			
pop	pɔp	n.流行音乐，流行歌曲	3			
popular	ˈpɔpjulə(r)	a.民众的；流行的	2	popul		
population	ˌpɔpjuˈlei∫ən	n.人口；全体居民	2	popul		
porch	pɔːt∫	n.门廊，入口处	1			
pork	pɔːk	n.猪肉	3			
porridge	ˈpɔridʒ	n.粥，麦片粥	2			
port	pɔːt	n.港，港口	2			
portable	ˈpɔːtəbl	a.轻便的；手提的	2	port		
porter	ˈpɔːtə	n.搬运工人	1	port		
portion	ˈpɔː∫ən	n.一部分；一分	1			
portrait	ˈpɔːtrit	n.消像，画像	2	tract		
Portuguese	ˌpɔːtjuˈgiːz	n.葡萄牙人/语	3			
position	pəˈzi∫ən	n.位置；职位；姿势	2	pon		
positive	ˈpɔzətiv	a.确定的；积极的	2	pon		
possess	pəˈzes	vt.占用，拥有(财产)	2	pot	pot,sed	pot(能力)+sed(坐)，能坐在财物上就是占有
possession	pəˈze∫ən	n.有，所有；占有物	2	pot	pot,sed	pot(能力)+sed(坐)
possibility	ˌpɔsiˈbiliti	n.可能；可能的事	2	pot		
possible	ˈpɔsəbl	a.可能的；可能存在的	2	pot		
possibly	ˈpɔsəbli	ad.可能地；也许	2	pot		
post	pəust	n.柱，桩，杆 vt.贴出	2			
postage	ˈpəustidʒ	n.邮费，邮资	1			
postman	ˈpəustmən	n.邮递员	3			
postpone	pəustˈpəun	vt.延迟，推迟，延缓	1	pon		
pot	pɔt	n.锅，壶，罐，盆	3			
potato	pəˈteitəu	n.马铃薯，土豆	3			
potential	pəˈten∫(ə)l	a.潜在的 n.潜力	1	pot		
pound	paund	n.磅；英磅	3			
pour	pɔː(r)	vt.灌，倒 vi.倾泻	2			
poverty	ˈpɔvəti	n.贫穷，贫困	1			
powder	ˈpaudə	n.粉末；药粉；火药	2			
power	ˈpauə	n.能力；力；权；幂	2	pot		
powerful	ˈpauəful	a.强有力的；有权威的	2	pot		
practical	ˈpræktikəl	a.实践的；实用的	2			
practically	ˈpræktikəli	ad.实际上；几乎	2			
practice	ˈpræktis	n.实践；练习；业务	2			
practise	ˈpræktis	vt.练习，实习，训练	2			
praise	preiz	n.赞扬，赞美 vi.赞扬	2			
pray	prei	vt.&vi.请求；祈祷	2			
prayer	preə	n.祈祷，祈求	2			
precaution	priˈkɔː∫ən	n.预防；警惕	1			
preceding	pri(ː)ˈsiːdiŋ	a.在前的；在先的	1	ced		
precious	ˈpre∫əs	a.珍贵的，宝贵的	2			
precise	priˈsais	a.精确的，准确的	1	cid		
precision	priˈsiʒən	n.精确，精密，精密度	1	cid		
predict	priˈdikt	v.预言，预告，预测	1	dic		
preface	ˈprefis	n.序言，前言，引语	1			
prefer	priˈfəː	vt.宁可，宁愿	2	fer		
preferable	ˈprefərəbl	a.更可取的，更好的	1	fer		
preference	ˈprefərəns	n.偏爱，优先(权)	2	fer		
prejudice	ˈpredʒudis	n.偏见，成见	1	jud		
preliminary	priˈliminəri	a.预备的，初步的	1			
premier	priːˈmiər	n.总理，首相	1	prim		
preparation	ˌprepəˈrei∫ən	n.准/预备；制备	2	par		
prepare	priˈpeə	vt.&vi.准备，预备	2	par		
preposition	ˌprepəˈzi∫ən	n.前置词，介词	2	pon		
prescribe	prisˈkraib	vt.命令；处(方)	1	scrib		
presence	ˈprezns	n.出席，到场；在	1			
present	priˈzent	a.现在的 n.目前	2			
presently	ˈprezəntli	ad.一会儿；目前	2			
preserve	priˈzəːv	vt.保护；保存；腌渍	1	serv		
president	ˈprezidənt	n.总统；校长；会长	1	sed		
press	pres	vt.压，按，揿；催促	2			
pressure	ˈpre∫ə(r)	n.压力；压力；压，按	2			
pretend	priˈtend	vt.假托，借口 vi.假装	1	tend		
pretty	ˈpriti	a.漂亮的，标致的	3			
prevail	priˈveil	vi.胜，优胜；流行	1	val		
prevent	priˈvent	vt.预防，防止；阻止	2	ven		
previous	ˈpriːviəs	a.先的；前的 ad.在前	2	vi		
previously	ˈpriːvjuːsli	ad.先前，预先	2	vi		
price	prais	n.价格，价钱；代价	3			
pride	praid	n.骄傲；自豪 vt.自夸	2			
priest	priːst	n.教士，牧师，神父	2			
primarily	ˈpraimərili	ad.首先；主要地	1	prim		
primary	ˈpraiməri	a.最初的；基本的	2	prim		
prime	praim	a.首要的 n.春，青春	2	prim		
primitive	ˈprimitiv	a.原始的；粗糙的	1	prim		
prince	prins	n.王子，亲王	2	prim		
princess	prinˈses	n.公主，王妃	2	prim		
principal	ˈprinsip(ə)l	a.主要的 n.负责人	1	prim		
principle	ˈprinsəpl	n.原则，原理；主义	2	prim		
print	print	vt.印刷 n.印刷；正片	2			
prior	ˈpraiə	a.在先的；优先的	1			
prison	ˈprizn	n.监狱，监禁	2	prehend		
prisoner	ˈpriznə	n.囚犯	2	prehend		
private	ˈpraivit	a.私人的；私下的	1	priv		
privilege	ˈprivilidʒ	n.特权，优惠	1	priv		
prize	praiz	n.奖赏，奖金 vt.珍视	2			
probability	ˌprɔbəˈbiliti	n.可能性；概率	1	prob		
probable	ˈprɔbəbl	a.或有的；大概的	2	prob		
probably	ˈprɔbəb(ə)li	ad.或许，大概	3	prob		
problem	ˈprɔbləm	n.问题；习题，问题	3			
procedure	prəˈsiːdʒə	n.程序；手续；过程	1	ced		
proceed	prəˈsiːd	vi.进行；继续进行	1	ced		
process	prəˈses	n.过程；工序 vt.加工	2	ced		
procession	prəˈse∫(ə)n	n.队伍，行列	1	ced		
proclaim	prəˈkleim	vt.宣告，宣布；表明	1	claim		
produce	prəˈdjuːs	vt.生产；产生；展现	2	duc		
product	ˈprɔdəkt	n.产品，产物；(乘)积	2	duc		
production	prəˈdʌk∫ən	n.生产；产品；总产量	2	duc		
productive	prəˈdʌktiv	a.生产的；丰饶的	1	duc		
profession	prəˈfe∫ən	n.职业	1			
professional	prəˈfe∫ənl	a.职业的 n.专业人员	2			
professor	prəˈfesə	n.教授	2			
profit	ˈprɔfit	n.益处；利润 vi.得益	2	fac		
program	ˈprəugræm	n.节目单；大纲；程序	2	graph		
progress	ˈprəugres	n.前进，进展；进步	2	grad		
progressive	prəˈgresiv	a.进步/向前进的	1	grad		
prohibit	prəˈhibit	vt.禁止，阻止	1	hab		
project	ˈprɔdʒekt	n.方案，工程 vi.伸出	2	ject		
prominent	ˈprɔminənt	a.实起的；突出的	1			
promise	ˈprɔmis	n.诺言；指望 vt.允诺	2	mit		
promising	ˈprɔmisiŋ	a.有希望的；有前途的	1	mit		
promote	prəˈməut	vt.促进，发扬；提升	1	mob		
prompt	prɔmpt	a.及时的 vt.敦促	1			
pronoun	ˈprəunaun	n.代名词	1	nom		
pronounce	prəˈnauns	vt.发…的音；宣布	2	nounc		
pronunciation	prəˌnʌnsiˈei∫ən	n.发音(法)	2	nounc		
proof	pruːf	n.证据；证明；校样	2	prob		
proper	ˈprɔpə	a.适合的；合乎体统的	2	propri		
properly	ˈprɔpəli	ad.适当地；彻底地	2	propri		
property	ˈprɔpəti	n.财产，资产；性质	2	propri		
proportion	prəˈpɔː∫ən	n.比，比率，部分	1	part		
proportional	prəˈpɔː∫ənl	a.比例/相称的	1	part		
proposal	prəˈpəuzəl	n.提议，建议；求婚	1	pon		
propose	prəˈpəuz	vt.提议 vi.求婚	2	pon		
prospect	ˈprɔspekt	n.展望；前景，前程	2	spec		
prosperity	prɔsˈperiti	n.繁荣；昌盛，兴旺	1	sper		
prosperous	ˈprɔspərəs	a.繁荣的，昌盛的	1	sper		
protect	prəˈtekt	vt.保护，保卫，警戒	2	tect		
protection	prəˈtek∫ən	n.保护，警戒	2	tect		
protective	prəˈtektiv	a.保护的，防护的	1	tect		
protein	ˈprəutiːn	n.蛋白质，朊	1	proto		
protest	prəˈtest	vt.&vi.&n.抗议	2	test		
proud	praud	a.骄傲的；自豪的	3			
prove	pruːv	vt.证明 vi.结果是	2	prob		
provide	prəˈvaid	vt.提供；装备，供给	2	vid		
provided	prəːˈvaidid	conj.以…为条件	1	vid		
province	ˈprɔvins	n.省；领域，部门	1			
provision	prəˈviʒən	n.供应；预备；存粮	1	vid		
psychological	ˌsaikəˈlɔdʒikəl	a.心理(学)的	1	psych	psych,log	psych(心理)+log(学科)
public	ˈpʌblik	a.公众的 n.公众	2	popul		
publication	ˌpʌbliˈkei∫ən	n.公布；出版(物)	1	popul		
publish	ˈpʌbli∫	vt.公布；发表；出版	2	popul		
pudding	ˈpudiŋ	n.布丁	2			
puff	pʌf	n.(一)喷，(一)吹	2			
pull	pul	vt.拉，拖；拉，拉力	3			
pulse	pʌls	n.脉搏；脉冲，脉动	2	pel		
pump	pʌmp	n.泵 vt.用抽机抽	2			
punch	pʌnt∫	vt.冲出 n.冲压机	2	punct		
punctual	ˈpʌŋktjuəl	a.严守时刻的；准时的	1	punct		
punish	ˈpʌni∫	vt.罚，惩罚，处罚	2	pen		
punishment	ˈpʌni∫mənt	n.罚，惩罚，处罚	2	pen		
pupil	ˈpjuːpil	n.学生，小学生	3			
puppet	ˈpʌpit	n.木偶，玩偶；傀儡	2			
purchase	ˈpəːt∫əs	n.买，购买 vt.买	1			
pure	pjuə	a.纯粹的；纯洁的	3			
purely	ˈpjuəli	ad.纯粹地，完全地	3			
purify	ˈpjuərifai	vt.使纯净，使洁净	1			
purity	ˈpjuəriti	n.纯净；纯洁；纯度	1			
purple	ˈpəːpl	n.紫色 a.紫的	3			
purpose	ˈpəːpəs	n.目的；意图；效果	2	pon		
purse	pəːs	n.钱包，小钱袋，手袋	2			
pursue	pəˈsjuː	vt.追赶，追踪；进行	1	sequ		
pursuit	pəˈsjuːt	n.追赶；追求；事务	1	sequ		
push	pu∫	vt.推，逼迫 vi.推	3			
put	put	vt.放，摆；使处于	3			
puzzle	ˈpʌzl	n.难题；谜 vi.使迷惑	2			
qualify	ˈkwɔlifai	vt.使具有资格	1			
quality	ˈkwɔliti	n.质量；品质，特性	2			
quantity	ˈkwɔntiti	n.量，数量，分量	2			
quarrel	ˈkwɔrəl	n.争吵，吵架，口角	2			
quart	kɔːt	n.夸脱(=2 品脱)	2			
quarter	ˈkwɔːtə	n.四分之一；一刻钟	3			
quarterly	ˈkwɔːtəli	a.季度的 ad.季度地	1			
queen	kwiːn	n.王后；女王	3			
queer	kwiə	a.奇怪的，古怪的	1			
question	ˈkwest∫ən	n.发问；问题；疑问	3	quir		
queue	kjuː	n.行列 vi.排队等候	1			
quick	kwik	a.快的；敏捷的	3			
quicken	ˈkwikən	vt.加快 vi.加快	2			
quickly	ˈkwikli	ad.快，迅速	3			
quiet	ˈkwaiət	a.寂静的；安静的	3			
quilt	kwilt	n.被(子)	2			
quit	kwit	vt.离开，退出；停止	2			
quite	kwait	ad.完全；相当；的确	3			
quiz	kwiz	n.小型考试，测验	2			
quotation	kwəuˈtei∫ən	n.引用；引文；报价单	1			
quote	kwəut	vt.引用，引证；报价	2			
rabbit	ˈræbit	n.兔子，野兔	3			
race	reis	n.比赛，竞赛，竞争	3			
racial	ˈrei∫əl	a.种族的，人种的	1			
rack	ræk	n.搁物架；行李架	2			
racket	ˈrækit	n.球拍	2			
radar	ˈreidə	n.雷达，无线电探测器	2			
radiate	ˈreidieit	vi.发射光线；辐射	1			
radiation	ˌreidiˈei∫ən	n.放/发射；辐射能	1			
radio	ˈreidiəu	n.无线电；收音机	3			
radioactive	ˈreidiəuˈæktiv	a.放射性的	1	act		
radioactivity	ˈreidiəuækˈtiviti	n.放射性，放射(现象)	1	act		
radish	ˈrædi∫	n.小萝卜	2			
radium	ˈreidjəm	n.镭	1			
radius	ˈreidjəs	n.半径	1			
rag	ræg	n.破布，碎布，抹布	2			
rage	reidʒ	n.(一阵)狂怒，盛怒	1			
raid	reid	n.袭击；突然搜查	1			
rail	reil	n.横条，横杆；铁轨	2			
railroad	ˈreilrəud	n.铁路 vi.由铁路运输	2			
railway	ˈreilwei	n.铁路，铁道	2			
rain	rein	n.雨，雨水 vi.下雨	3			
rainbow	ˈreinbəu	n.虹，彩虹	3			
rainy	ˈreini	a.下雨的，多雨的	3			
raise	reiz	vt.举起；引起；提高	2			
rake	reik	n.耙子 vi.耙；搜索	2			
range	reindʒ	n.排，行；山脉；范围	2			
rank	ræŋk	n.排，横行；社会阶层	2			
rapid	ˈræpid	a.快的 n.急流	2			
rapidly	ˈræpidli	ad.迅速地	2			
rare	reə	a.稀薄的；稀有的	2			
rarely	ˈreəli	ad.很少，难得	2			
rat	ræt	n.老鼠，耗子	3			
rate	reit	n.比率；速度；价格	2			
rather	ˈrɑːðə	ad.宁可，宁愿；相当	2			
ratio	ˈrei∫iəu	n.比，比率	1			
rational	ˈræ∫ənl	a.理性的；出于理性的	1			
raw	rɔː	a.未煮过的；未加工的	2			
ray	rei	n.光线，射线，辐射线	2			
razor	ˈreizə	n.剃刀	2			
reach	riːt∫	vt.抵达；伸出 vi.达到	3			
react	riˈækt	vi.起反应；有影响	2	act		
reaction	ri(ː)ˈæk∫ən	n.反应；反作用	2	act		
read	riːd	vt.读，看懂 vi.读	3			
reader	ˈriːdə	n.读者；读物，读本	3			
readily	ˈredili	ad.乐意地；无困难地	1			
reading	ˈriːdiŋ	n.读，阅读；读书	3			
ready	ˈredi	a.准备好的；愿意的	3			
real	ˈriːəl	a.真的；现实的	3			
reality	ri(ː)ˈæliti	n.现实；真实	2			
realize	ˈriəlaiz	vt.实现；认识到	2			
really	ˈriəli	ad.真正地；实在	3			
realm	relm	n.王国，国土；领域	1			
reap	riːp	vt.&vi.收割，收获	1			
rear	riə	n.后部，后面；背面	1			
reason	ˈriːzn	n.理由；理性 vi.推理	3			
reasonable	ˈriːznəbl	a.合情合理的；公道的	2			
rebel	ˈrebəl	vi.造反 n.造反者	1			
rebellion	riˈbeljən	n.造反；叛乱；反抗	1			
recall	riˈkɔːl	vt.回想；叫回；收回	2			
receipt	riˈsiːt	n.收到；收条，收据	1	cap		
receive	riˈsiːv	vt.收到；得到；接待	2	cap		
receiver	riˈsiːvə	n.收受者，收件人	2	cap		
recent	ˈriːsnt	a.新近的，最近的	2			
recently	ˈriːsəntli	ad.最近，新近	2			
reception	riˈsep∫ən	a.接待；招待会；接受	1	cap		
recite	riˈsait	vt.&vi.背诵，朗诵	1	cit		
recognition	ˌrekəgˈni∫ən	n.认出，识别；承认	1	cogn		
recognize	ˈrekəgnaiz	vt.认识，认出；承认	2	cogn		
recollect	ˌrekəˈlekt	vt.回忆，追忆，想起	1	lect		
recommend	rekəˈmend	vt.推荐，介绍；劝告	2			
recommendation	ˌrekəmenˈdei∫ən	n.推荐，介绍；劝告	1			
record	ˈrekərd	n.记录；履历 vt.记录	2			
recorder	riˈkɔːdə	n.记录者；录音机	1			
recover	riˈkʌvə	vt.重新获得；挽回	2			
recovery	riˈkʌvəri	n.重获；痊愈，恢复	1			
red	red	a.红色的 n.红色	3			
reduce	riˈdjuːs	vt.减少，减小；简化	2	duc		
reduction	riˈdʌk∫ən	n.减少，减小，缩减	1	duc		
reed	riːd	n.芦苇，芦杆，芦丛	1			
reel	riːl	n.卷轴，卷筒	1			
refer	riˈfəː	vt.使求助于 vi.谈到	2	fer		
reference	ˈrefrəns	n.参考；出处；提及	1	fer		
refine	riˈfain	vt.&vi.精炼，提纯	1	fin		
reflect	riˈflekt	vt.反射；反映；思考	2	flect		
reflection	riˈflek∫ən	n.反射；映象；反映	1	flect		
reflexion	riˈflek∫ən	n.反射；映象；反映	1	flect		
reform	riˈfɔːm	vt.&n.改革，改良	1	form		
refresh	riˈfre∫	vt.使清新 vi.恢复精神	1			
refreshment	riˈfre∫mənt	n.茶点，点心，便餐	1			
refrigerator	riˈfridʒəreitə	n.冰箱，冷藏库	2			
refuge	ˈrefjuːdʒ	n.避难，庇护；庇护者	1	fug		
refusal	riˈfjuːzəl	n.拒绝	1	fus		
refuse	riˈfjuːz	vt.拒绝 vt.拒绝	2	fus		
refute	riˈfjuːt	vt.驳斥，反驳，驳倒	1			
regard	riˈgɑːd	vt.把…看作；尊敬	2			
regarding	riˈgɑːdiŋ	prep.关于	1			
regardless	riˈgɑːdlis	ad.不顾一切地	1			
region	ˈriːdʒən	n.地区，地带；领域	2	reg		
register	ˈredʒistə	n.&vt.登记，注册	1			
regret	riˈgret	vt.懊悔；抱歉 n.懊悔	2			
regular	ˈregjulə	a.规则的；整齐的	2	reg		
regularly	ˈregjuləli	ad.有规律地	2	reg		
regulate	ˈregjuleit	vt.管理，控制；调整	1	reg		
regulation	regjuˈlei∫ən	n.规则/章；管理	1	reg		
rehearsal	riˈhəːsəl	n.排练，排演；练习	1			
reign	rein	n.君主统治；支配	1	reg		
rein	rein	n.缰绳 vi.驾驭，控制	1			
reinforce	ˌriːinˈfɔːs	vt.增援，支援；加强	1	fort		
reject	riˈdʒekt	vt.拒绝；丢掉；驳回	2	ject		
rejoice	riˈdʒɔis	vi.欣喜，高兴	1			
relate	riˈleit	vt.叙述；使联系	2			
relation	riˈlei∫ən	n.关系，联系；家属	2			
relationship	riˈlei∫ən∫ip	n.关系，联系	2			
relative	ˈrelətiv	a.有关系的；相对的	2			
relatively	ˈrelətivli	ad.相对地，比较地	1			
relativity	ˌreləˈtiviti	n.相关性；相对性	1			
relax	riˈlæks	vt.使松弛 vi.松弛	2			
release	riˈliːs	vt.释放；放松；发表	2			
relevant	ˈrelivənt	a.有关的，贴切的	1	lev		
reliability	riˌlaiəˈbiliti	n.可靠性	1			
reliable	riˈlaiəbl	a.可靠的，可信赖的	1			
reliance	riˈlaiəns	n.信任，信赖，信心	1			
relief	riˈliːf	n.减轻；救济；援救	1	lev		
relieve	riˈliːv	vt.减轻，解除；救济	1	lev		
religion	riˈlidʒən	n.宗教；宗教信仰	2			
religious	riˈlidʒəs	a.宗教的；虔诚的	2			
reluctant	riˈlʌktənt	a.不愿的，勉强的	1			
rely	riˈlai	vi.依赖，依靠；信赖	2			
remain	riˈmein	vi.剩下，余留；保持	2			
remains	riˈmeins	n.残余，余额；废墟	2			
remark	riˈmɑːk	vt.&vi.&n.评论，谈论	1			
remarkable	riˈmɑːkəbl	a.异常的，非凡的	1			
remedy	ˈremidi	n.&vt.治疗；补救	1			
remember	riˈmembə	vt.记得，想起；记住	2	memor		
remind	riˈmaind	vt.提醒，使想起	2			
remote	riˈməut	a.相隔很远的；冷淡的	1	mob		
removal	riˈmuːvəl	n.移动；迁移；除掉	1	mob		
remove	riˈmuːv	vt.移动，搬开；脱掉	2	mob		
render	ˈrendə	vt.表示，给予；使得	1			
renew	riˈnjuː	vt.使更新 vi.更新	1			
rent	rent	n.租金，租 vi.出租	2			
repair	riˈpeə	vt.&n.修理，修补	2	par		
repeat	riˈpiːt	vt.重说，重做 n.重复	2	pet		
repeatedly	riˈpiːtidli	ad.重复地；一再	1	pet		
repent	riˈpent	vi.悔悟，悔改 vt.后悔	1			
repetition	ˌrepiˈti∫ən	n.重复，反复	1	pet		
replace	ri(ː)ˈpleis	vt.把…放回；取代	2			
reply	riˈplai	vi.&n.回答，答复	2	plic		
report	riˈpɔːt	vt.&vi.报告；汇报	2	port		
reporter	riˈpɔːtə	n.记者，通讯员	2	port		
represent	ˌriːpriˈzent	vt.描绘；代表；象征	2			
representative	ˌrepriˈzentətiv	a.代表性的 n.代表	1			
reproach	riˈprəut∫	vt.&n.责备，指责	1			
reproduce	ˌriːprəˈdjuːs	vt.&vi.繁殖，生殖	1	duc		
republic	riˈpʌblik	n.共和国，共和政体	1	popul		
republican	riˈpʌblikən	a.共和国的	1	popul		
reputation	ˌrepju(ː)ˈtei∫ən	n.名誉/声；好名声	1			
request	riˈkwest	n.&v.请求，要求	2	quir		
require	riˈkwaiə	vt.需要；要求，命令	2	quir		
requirement	riˈkwaiəmənt	n.需要；要求	1	quir		
rescue	ˈreskjuː	vt.&n.援救，营救	2			
research	riˈsəːt∫	n.&vi.调查，探究	2			
researcher	riˈsəːt∫ə(r)	n.调查者；探究者	2			
resemble	riˈzembl	vt.像，类似	1	sembl		
reserve	riˈzəːv	vt.储备，保留；预定	1	serv		
reservoir	ˈrezəvwɑː(r)	n.水库；蓄水池	1	serv		
residence	ˈrezidəns	n.居住；驻扎；住处	1	sed		
resident	ˈrezidənt	a.居住的 n.居民	1	sed		
resign	riˈzain	vt.放弃 vi.辞职	1	sign		
resignation	ˌrezigˈnei∫ən	n.放弃，辞职，反抗	1	sign		
resist	riˈzist	vt.&vi.抵抗，抵制	1	sist		
resistance	riˈzistəns	n.抵抗/制；抵抗力	1	sist		
resistant	riˈzistənt	a.抵抗的，反抗的	1	sist		
resolution	ˌrezəˈljuː∫ən	n.坚决/定；决定	1	solv		
resolve	riˈzɔlv	vt.解决；决心 n.决心	1	solv		
resort	riˈzɔːt	vi.&n.求助，凭借	1			
resource	riˈsɔːs	n.资源，物力；办法	1			
respect	risˈpekt	n.&vt.尊敬，尊重	2	spec		
respectful	risˈpektful	a.恭敬的，尊重的	1	spec		
respective	risˈpektiv	ad. 各自的，各个的	1	spec		
respectively	riˈspektivli	ad.各自/分别地	1	spec		
respond	risˈpɔnd	vi.作答；响应	1			
response	risˈpɔns	n.作答，回答；响应	2			
responsibility	risˌpɔnsəˈbiliti	n.责任(心)；职责	1			
responsible	risˈpɔnsəbl	a.有责任的；尽责的	2			
rest	rest	n.休息；安静；静止	3			
restaurant	ˈrestərənt	n.餐馆，饭店，菜馆	2			
restless	ˈrestlis	a.不安定的，焦虑的	1			
restore	risˈtɔː	vt.恢复；归还；修补	1			
restrain	risˈtrein	vt.抑制，遏制；限制	1	string		
restraint	risˈtreint	n.抑制；遏制；克制	1	string		
restrict	risˈtrikt	vt 限制，限定，约束	1	string		
restriction	risˈtrik∫ən	n.限制，限定，约束	1	string		
result	riˈzʌlt	n.成果 vi.发生，结果	2	sal		
resume	riˈzjuːm	vt.恢复；重新开始	1	sum		
retain	riˈtein	vt.保持，保留，保有	1	tain		
retell	ˈriːˈtel	vt.再讲，重述，复述	2			
retire	riˈtaiə	vi.退下；引退；就寝	2			
retreat	riˈtriːt	vi.(被迫)退却，后退	1			
return	riˈtəːn	vi.&n.回来，返回	2			
reveal	riˈviːl	vt.展现；揭示，揭露	1			
revenge	riˈvendʒ	vt.替…报仇 n.报仇	1			
reverse	riˈvəːs	vt.颠倒，翻转 n.背面	1	vert		
review	riˈvjuː	vt.再检查 n.复习	2	vid		
revise	riˈvaiz	vt.修订，校订；修改	1	vid		
revolt	riˈvəult	vi.&n.反抗，造反	1	volv		
revolution	ˌrevəˈluː∫ən	n.革命；旋转，绕转	2	volv		
revolutionary	ˈrevəˈluː∫ənəri	a.革命的 n.革命者	1	volv		
reward	riˈwɔːd	n.报答；报酬 vt.报答	2			
rhythm	ˈrið(ə)m	n.韵律，格律；节奏	2			
rib	rib	n.肋，肋骨	2			
ribbon	ˈribən	n.缎带，丝带；带	2			
rice	rais	n.稻，米，饭	3			
rich	rit∫	a.富的，丰富的	3			
rid	rid	vt.使摆脱，使去掉	3			
riddle	ˈridl	n.谜，谜语	2			
ride	raid	vi.&n.骑马，乘车	3			
rider	ˈraidə	n.骑马的人；乘车的人	2			
ridge	ridʒ	n.脊；岭，山脉；垄	1			
ridiculous	riˈdikjuləs	a.荒谬的，可笑的	2	rid		
rifle	ˈraifl	n.步枪，来复枪	1			
right	rait	a.正确的 ad.对，正好	3			
rigid	ˈridʒid	a.刚硬的；僵硬的	1	reg		
ring	riŋ	n.环形物(如圈、环等)	3			
ripe	raip	a.熟的；时机成熟的	2			
ripen	ˈraipən	vt.使熟 vi.成熟	1			
rise	raiz	vi.起立；升起；上涨	3			
risk	risk	n.风险，危险，冒险	2			
rival	ˈraivəl	n.竞争者 a.竞争的	1			
river	ˈrivə	n.江，河，水道	3			
road	rəud	n.路，道路，公路	3			
roar	rɔː	vi.吼叫；呼喊 n.吼	2			
roast	rəust	vt.&vi.烤，炙，烘	2			
rob	rɔb	vt.&vi.抢劫；劫掠	3			
robber	ˈrɔbə	n.强盗，盗贼	2			
robbery	ˈrɔbəri	n.抢劫，劫掠，盗取	2			
robe	rəub	n.长袍，长衣，浴衣	1			
robot	ˈrəubɔt	n.机器人；自动机	3			
rock	rɔk	vt.摇，使动摇 vi.摇	3			
rocket	ˈrɔkit	n.火箭，火箭发动机	2			
rod	rɔd	n.杆，竿，棒	1			
role	rəul	n.角色，作用，任务	2			
roll	rəul	vi.&vt.滚动；转动	3			
roller	ˈrəulə	n.滚柱，滚筒，滚轴	2			
Roman	ˈrəumən	n.古罗马人 a.罗马的	2			
romantic	rəˈmæntik	a.浪漫的；传奇的	2			
roof	ruːf	n.屋顶，车顶；顶	3			
room	rum	n.房间；地位；余地	3			
root	ruːt	n.根，根子 vi.生根	3			
rope	rəup	n.绳，索	3			
rose	rəuz	n.蔷薇花，蔷薇科植物	3			
rot	rɔt	vt.烂，腐坏 n.腐烂	1			
rotary	ˈrəutəri	a.旋转的，转动的	1			
rotate	rəuˈteit	vi.旋转 vt.使旋转	1			
rotation	rəuˈtei∫ən	n.旋转，转动；循环	1			
rotten	ˈrɔtn	a.腐烂的，发臭的	2			
rough	rʌf	a.表面不平的；粗略的	2			
roughly	ˈrʌfli	ad.粗糙地，粗略地	2			
round	raund	a.圆的 n.兜圈；一轮	3			
rouse	rauz	vt.唤醒，唤起；惊起	1			
route	ruːt	n.路，路线，路程	2			
routine	ruːˈtiːn	n.例行公事 a.日常的	1			
row	rau	n.(一)排，(一)行	3			
royal	ˈrɔiəl	a.王的；皇家的	1	reg		
rub	rʌb	vt.摩擦，擦 vi.摩擦	2			
rubber	ˈrʌbə	n.橡皮(擦子)；橡胶	2			
rubbish	ˈrʌbi∫	n.垃圾，废物；废话	2			
rude	ruːd	a.加工粗糙的；粗野的	2			
rug	rʌg	n.小地毯；毛毯	1			
ruin	ˈruːin	n.毁灭；废墟 vt.毁坏	2			
rule	ruːl	n.统治；规定；习惯	3	reg		
ruler	ˈruːlə	n.统治者；尺，直尺	3	reg		
rumour	ˈruːmə	n.谣言，谣传，传闻	1			
run	rʌn	vi.跑，奔；行驶；流	3			
runner	ˈrʌnə(r)	n.赛跑的人	3			
rural	ˈruər(ə)l	a.农村的，田园的	1			
rush	rʌ∫	vi.冲，奔 vt.催促	2			
Russian	ˈrʌ∫ən	a.俄罗斯的 n.俄国人	2			
rust	rʌst	n.锈 vi.生锈，氧化	1			
rusty	ˈrʌsti	a.生锈的；变迟钝的	2			
sack	sæk	n.袋，麻袋；开除	2			
sacred	ˈseikrid	a.上帝的；神圣的	1	sacr		
sacrifice	ˈsækrifais	n.&vt.牺牲；南祭	1	sacr	sacr,fac	sacr(神圣)+fac(做)
sad	sæd	a.悲哀的，令人悲痛的	3			
saddle	ˈsædl	n.鞍子，马鞍	1			
sadly	ˈsædli	ad.悲痛地，悲哀地	2			
sadness	ˈsædnis	n.悲痛，悲哀	2			
safe	seif	a.安全的；谨慎的	3			
safely	ˈseifli	ad.安全地；可靠地	3			
safety	ˈseifti	n.安全，保险	3			
sail	seil	n.帆；船 vi.航行	2			
sailor	ˈseilə	n.水手，海员，水兵	2			
saint	seint	n.圣徒；基督教徒	1	sacr		
sake	seik	n.缘故，理由	1			
salad	ˈsæləd	n.色拉；莴苣，生菜	2			
salary	ˈsæləri	n.薪金，薪水	2			
sale	seil	n.卖；拍卖；销售额	3			
salesman	ˈseilzmən	n.售货员，推销员	2			
salt	sɔːlt	n.盐；盐类 vt.加盐于	3			
salute	səˈluːt	n.招呼，行礼 vi.行礼	1			
same	seim	a.同一的，相同的	3			
sample	ˈsæmpl	n.样品；实例，标本	2			
sand	sænd	n.沙，沙子；沙滩	3			
sandwich	ˈsænwidʒ	n.三明治 vt.夹入	3			
sandy	ˈsændi	n.沙的，含沙的	2			
satellite	ˈsætəlait	n.卫星；人造卫星	1			
satisfaction	ˌsætisˈfæk∫ən	n.满意；快事；赔偿	2	fac		
satisfactory	ˌsætisˈfæktəri	a.令人满意的,良好的	1	fac		
satisfy	ˈsætisfai	vt.满足；使满意	2	fac		
Saturday	ˈsætədi	n.星期六	3			
sauce	sɔːs	n.调味汁，酱汁	2			
saucer	ˈsɔːsə	n.茶托，浅碟	1			
sausage	ˈsɔsidʒ	n.香肠，腊肠	1			
save	seiv	vt.救；节省；储蓄	3			
saving	ˈseiviŋ	n.搭救；节约；存款	2			
saw	sɔː	n.锯子 vt.锯，锯开	3			
say	sei	vt.说；说明；比如说	3			
scale	skeil	n.天平，磅秤，秤	2			
scan	skæn	vt.细看；浏览；扫描	2			
scar	skɑː	n.伤疤，伤痕；创伤	1			
scarce	skeəs	a.缺乏的；希有的	1			
scarcely	ˈskeəsli	ad.仅仅；几乎不	1			
scare	skeə	vt.惊吓 vi.受惊	2			
scarf	skɑːf	n.围巾，头巾；领带	2			
scatter	ˈskætə	vt.使消散；撒；散播	1			
scene	siːn	n.发生地点；道具	2			
scenery	ˈsiːnəri	n.舞台布景；风景	1			
scent	sent	n.气味，香味；香水	1	sens		
schedule	ˈskedʒjul	n.时间表；计划表	2			
scheme	skiːm	n.计划，规划；诡计	1			
scholar	ˈskɔlə	n.学者(尤指文学方面)	2			
scholarship	ˈskɔlə∫ip	n.学业成绩；奖学金	2			
school	skuːl	n.学校；学院；学派	3			
science	ˈsaiəns	n.科学，科学研究	3	sci		
scientific	saiənˈtifik	a.科学(上)的	2	sci		
scientist	ˈsaiəntist	n.(自然)科学家	3	sci		
scissors	ˈsizəz	n.剪刀，剪子	2			
scold	skəuld	vi.责骂 vt.申斥	1			
scope	skəup	n.范围；余地，机会	2	scop		
score	skɔː	n.得分，比数，成绩	3			
scorn	skɔːn	n.轻蔑；嘲笑 vt.轻蔑	1			
scout	skaut	n.侦察员，侦察机	1			
scrape	skreip	vt.&vi.&n.刮，擦	1			
scratch	skræt∫	vt.&vi.&n.搔；抓	2			
scream	skriːm	vi.尖叫；呼啸	2			
screen	skriːn	n.屏；屏幕 vt.掩蔽	2			
screw	skruː	n.螺旋，螺丝 vt.拧紧	1			
sea	siː	n.海，海洋	3			
seal	siːl	n.封蜡；印记 vt.封	2			
seaman	ˈsiːmən	n.海员，水手；水兵	1			
seaport	ˈsiːpɔːt	n.海港，港市	1			
search	səːt∫	vt.在…中搜寻，搜查	2			
season	ˈsiːzn	n.季，季节，时节	3			
seat	siːt	n.座；座部 vt.使坐下	3			
second	ˈsekənd	num.第二 a.二等的	3	sequ		
secondary	ˈsekəndəri	a.第二的；次要的	2	sequ		
secondly		ad.第二(点)；其次	2	sequ		
secret	ˈsiːkrit	a.秘密的；隐蔽的	3	cern		
secretary	ˈsekrəteri	n.秘书；书记；大臣	2	cern		
section	ˈsek∫ən	n.切片；一段；部门	2	sec		
secure	siˈkjuə	a.安心的；安全的	2	cur		
security	siˈkjuəriti	n.安全，安全感	2	cur		
see	siː	vt.看见；遇见；看出	3			
seed	siːd	n.种(子)，籽，萌芽	3			
seek	siːk	vt.寻找，探索；试图	2			
seem	siːm	vi.好像，似乎	3			
seize	siːz	vt.抓住，逮捕；夺取	1			
seldom	ˈseldəm	ad.很少，不常，难得	2			
select	siˈlekt	vt.&vi.选择，挑选	2	lect		
selection	siˈlek∫ən	n.选择，挑选；精选物	2	lect		
self	self	n.自我，自己	3			
selfish	ˈselfi∫	a.自私的，利己的	2			
sell	sel	vt.&vi.卖，销售	3			
seller	ˈselə	n.卖者；行销货	2			
semester	siˈmestə	n.半年；学期，半学年	1			
semiconductor	ˈsemikənˈdʌktə	n.半导体	1	duc		
senate	ˈsenit	n.参议院，上院	1			
send	send	vt.送，寄发；派遣	3			
senior	ˈsiːnjə	a.年少的；地位较高的	1			
sense	sens	n.感官；感觉；见识	2	sens		
sensible	ˈsensəbl	a.感觉得到的；明智的	1	sens		
sensitive	ˈsensitiv	a.敏感的；灵敏的	2	sens		
sentence	ˈsentəns	n.判决；句子 vt.宣判	3	sens		
separate	ˈsepəreit	a.分离的；个别的	2	par		
separately	ˈsepərətli	ad.分离地	2	par		
separation	sepəˈrei∫ən	n.分离，分开/居	2	par		
September	səpˈtembə	n.九月	3			
sequence	ˈsiːkwəns	n.连续，继续；次序	1	sequ		
series	ˈsiəriːz	n.连续，系列；丛书	2			
serious	ˈsiəriəs	a.严肃的；认真的	3			
seriously	ˈsiəriəsli	ad.严肃地，认真地	3			
servant	ˈsəːvənt	n.仆人，佣人，雇工	1	serv		
serve	səːv	vt.为…服务；招待	3	serv		
service	ˈsəːvis	n.服务；行政部门	3	serv		
session	ˈse∫ən	n.会议，一段时间	1	sed		
set	set	vt.放；安置 vi.落	3			
setting	ˈsetiŋ	n.安装，调整；环境	2			
settle	ˈsetl	vt.安排；安放；调停	2			
settlement	ˈsetlmənt	n.解决；殖民(地)	1			
seven	ˈsevən	num.七，七个(人或物)	3			
seventeen	ˈsevənˈtiːn	num.十七，十七个	3			
seventh	ˈsevənθ	num.第七；七分之一	3			
seventy	ˈsevənti	num.七十，七十个	3			
several	ˈsevərəl	a.几个，数个	3			
severe	siˈviə	a.严格的；严厉的	1			
severely	siˈviəli	ad.严厉地，严格地	2			
sew	sjuː	vt.缝制 vi.缝	2			
